Site,Species,Treatment,Chamber,Date,Temp_u,Temp_sd,O2flux,Sensor,Depth_Start,Depth_End,pH,DO,Sal,Turb,Pres,A_Above_Bio,A_TSC,U_Leaf_Area,sd_Leaf_Area,ABR_Bio,Photoperiod_hours,rate_mg,rate,rate_hour,A_Above_Bio_m2,Cham_LA,m2_LA,A_Bio_rate_hour,LA_rate_hour,u_Light_Middle
Back River,Rm,Dark,11,7/6/2022,28.64674545,0.098857458,0,8,58,88,8.015,9.165,20.955,7.19,759.55,1.142,48,1.320133333,0.308673167,1.126948775,14.63222222,0,0,0,35.6875,56.76573333,1773.929167,0,0,233.3234782
Back River,Rm,Dark,14,7/6/2022,28.42002727,0.228351751,-0.007863549,11,63,94,8.015,9.165,20.955,7.19,759.55,1.145,31,1.187066667,0.166940309,4.27238806,14.63222222,-1.69730783,-0.05304087,-3.182452181,35.78125,36.79906667,1149.970833,-0.088941895,-0.086481872,233.3234782
Back River,Rm,Dark,19,7/6/2022,28.50750909,0.265167551,-0.006457931,18,60,90,8.015,9.165,20.955,7.19,759.55,1.332,61,1.707866667,0.648672256,1.928571429,14.63222222,-1.393912039,-0.043559751,-2.613585073,41.625,75.14613333,2348.316667,-0.062788831,-0.034780034,233.3234782
Back River,Rm,Light,10,7/6/2022,28.93655455,0.283404356,0.030747155,5,60,90,8.015,9.165,20.955,7.19,759.55,1.922,48,2.563866667,0.641141601,3,14.63222222,6.636619668,0.207394365,12.44366188,60.0625,110.2462667,3445.195833,0.207178554,0.112871504,233.3234782
Back River,Rm,Light,3,7/6/2022,29.30742727,0.203850073,0.023214266,6,58,88,8.015,9.165,20.955,7.19,759.55,0.563,35,1.942,0.658090745,1.357894737,14.63222222,5.010683142,0.156583848,9.395030891,17.59375,66.028,2063.375,0.533998203,0.142288588,233.3234782
Back River,Rm,Light,7,7/6/2022,28.77062727,0.289648406,0.021759174,20,63,94,8.015,9.165,20.955,7.19,759.55,2.347,68,2.106133333,0.532312726,4.026455026,14.63222222,4.696608966,0.14676903,8.806141811,73.34375,130.5802667,4080.633333,0.120066697,0.067438534,233.3234782
Back River,Sediment,Dark,13,7/6/2022,28.67397273,0.127503946,0,16,58,88,8.015,9.165,20.955,7.19,759.55,0,0,0,NA,NA,14.63222222,0,0,0,NA,NA,NA,0,0,233.3234782
Back River,Sediment,Dark,15,7/6/2022,28.369,0.222836386,-0.002789987,9,60,90,8.015,9.165,20.955,7.19,759.55,0,0,0,NA,NA,14.63222222,-0.60220465,-0.018818895,-1.129133719,NA,NA,NA,-1.129133719,-1.129133719,233.3234782
Back River,Sediment,Dark,17,7/6/2022,28.46110909,0.312670543,-0.009847425,17,63,94,8.015,9.165,20.955,7.19,759.55,0,0,0,NA,NA,14.63222222,-2.125517465,-0.066422421,-3.985345247,NA,NA,NA,-3.985345247,-3.985345247,233.3234782
Back River,Sediment,Light,21,7/6/2022,28.72502727,0.24808002,0.002275774,1,60,90,8.015,9.165,20.955,7.19,759.55,0,0,0,NA,NA,14.63222222,0.491214462,0.015350452,0.921027115,NA,NA,NA,0.921027115,0.921027115,233.3234782
Back River,Sediment,Light,4,7/6/2022,29.16447273,0.146078508,0.007111079,14,58,88,8.015,9.165,20.955,7.19,759.55,0,0,0,NA,NA,14.63222222,1.534890759,0.047965336,2.877920173,NA,NA,NA,2.877920173,2.877920173,233.3234782
Back River,Sediment,Light,8,7/6/2022,28.80824545,0.30485422,0.001862589,3,63,94,8.015,9.165,20.955,7.19,759.55,0,0,0,NA,NA,14.63222222,0.402030542,0.012563454,0.753807266,NA,NA,NA,0.753807266,0.753807266,233.3234782
Back River,Zm,Dark,12,7/6/2022,28.42741818,0.251134066,-0.026893058,15,60,90,8.015,9.165,20.955,7.19,759.55,4.778,30,17.993,8.709485642,2.300841168,14.63222222,-5.804732037,-0.181397876,-10.88387257,149.3125,431.832,13494.75,-0.072893244,-0.025203951,233.3234782
Back River,Zm,Dark,16,7/6/2022,28.43122727,0.253333542,-0.022280238,13,63,94,8.015,9.165,20.955,7.19,759.55,2.927,15,19.8332,5.751530867,2.158717105,14.63222222,-4.809077998,-0.150283687,-9.017021247,91.46875,138.8324,4338.5125,-0.098580348,-0.064948969,233.3234782
Back River,Zm,Dark,18,7/6/2022,28.65613636,0.106313236,-0.019339303,12,58,88,8.015,9.165,20.955,7.19,759.55,3.279,31,14.78693333,6.341367039,9.454183267,14.63222222,-4.174291863,-0.130446621,-7.826797243,102.46875,221.804,6931.375,-0.076382285,-0.035286998,233.3234782
Back River,Zm,Light,1,7/6/2022,29.08845455,0.150016001,0.045562046,10,58,88,8.015,9.165,20.955,7.19,759.55,4.271,29,17.70506667,6.887958017,2.355763927,14.63222222,9.834339716,0.307323116,18.43938697,133.46875,513.4469333,16045.21667,0.138155088,0.035912936,233.3234782
Back River,Zm,Light,5,7/6/2022,28.68274545,0.309337897,0.041650712,2,60,90,8.015,9.165,20.955,7.19,759.55,5.251,35,14.61106667,4.079174417,0.794554455,14.63222222,8.990097843,0.280940558,16.85643346,164.09375,482.1652,15067.6625,0.102724409,0.034959872,233.3234782
Back River,Zm,Light,9,7/6/2022,28.88143636,0.268366398,0.013984883,4,63,94,8.015,9.165,20.955,7.19,759.55,2.992,36,16.69733333,7.143262947,2.165467626,14.63222222,3.018567017,0.094330219,5.659813157,93.5,250.46,7826.875,0.060532761,0.022597673,233.3234782
Browns Bay South,Rm,Dark,13,6/8/2022,25.12610909,0.292216501,-0.00206618,18,70,90,8.17,7.045,17.235,4.555,759.75,0.153,41,1.136133333,0.203777844,0.874285714,14.65472222,-0.445974522,-0.013936704,-0.836202229,4.78125,46.58146667,1455.670833,-0.174891969,-0.017951393,239.0678574
Browns Bay South,Rm,Dark,15,6/8/2022,25.06198182,0.336706552,-0.002560674,13,71,83,8.17,7.045,17.235,4.555,759.75,0.172,65,0.930933333,0.186222396,0.725738397,14.65472222,-0.552708622,-0.017272144,-1.036328666,5.375,60.51066667,1890.958333,-0.192805333,-0.01712638,239.0678574
Browns Bay South,Rm,Dark,19,6/8/2022,24.78547273,0.268828983,-0.002416596,15,76,89,8.17,7.045,17.235,4.555,759.75,0.199,36,1.228533333,0.183417504,0.537837838,14.65472222,-0.521610137,-0.016300317,-0.978019006,6.21875,44.2272,1382.1,-0.157269388,-0.022113519,239.0678574
Browns Bay South,Rm,Light,1,6/8/2022,25.09463636,0.375963246,0.037865782,17,76,89,8.17,7.045,17.235,4.555,759.75,0.865,84,1.3256,0.302878759,0.795768169,14.65472222,8.173139684,0.255410615,15.32463691,27.03125,111.3504,3479.7,0.566922984,0.137625342,239.0678574
Browns Bay South,Rm,Light,10,6/8/2022,25.38104545,0.390606336,0.024368632,3,71,83,8.17,7.045,17.235,4.555,759.75,0.201,46,1.109333333,0.130473132,0.569405099,14.65472222,5.259847415,0.164370232,9.862213903,6.28125,51.02933333,1594.666667,1.570103706,0.193265584,239.0678574
Browns Bay South,Rm,Light,6,6/8/2022,25.76488182,0.404778878,0.018659779,6,70,90,8.17,7.045,17.235,4.555,759.75,0.142,48,1.083866667,0.224145956,0.594142259,14.65472222,4.027620026,0.125863126,7.551787548,4.4375,52.0256,1625.8,1.701811278,0.145155223,239.0678574
Browns Bay South,Sediment,Dark,14,6/8/2022,24.78986364,0.259673983,-0.00061099,5,76,89,8.17,7.045,17.235,4.555,759.75,0,0,0,NA,NA,14.65472222,-0.13187912,-0.004121223,-0.24727335,NA,NA,NA,-0.24727335,-0.24727335,239.0678574
Browns Bay South,Sediment,Dark,17,6/8/2022,25.16057273,0.291573883,-0.000590632,1,70,90,8.17,7.045,17.235,4.555,759.75,0,0,0,NA,NA,14.65472222,-0.127484914,-0.003983904,-0.239034214,NA,NA,NA,-0.239034214,-0.239034214,239.0678574
Browns Bay South,Sediment,Dark,18,6/8/2022,24.97226364,0.303078204,-0.001690824,8,71,83,8.17,7.045,17.235,4.555,759.75,0,0,0,NA,NA,14.65472222,-0.364955825,-0.01140487,-0.684292172,NA,NA,NA,-0.684292172,-0.684292172,239.0678574
Browns Bay South,Sediment,Light,2,6/8/2022,25.16075455,0.343449773,0.006340222,7,76,89,8.17,7.045,17.235,4.555,759.75,0,0,0,NA,NA,14.65472222,1.368505153,0.042765786,2.565947163,NA,NA,NA,2.565947163,2.565947163,239.0678574
Browns Bay South,Sediment,Light,3,6/8/2022,25.41188182,0.373613688,0.009495975,12,71,83,8.17,7.045,17.235,4.555,759.75,0,0,0,NA,NA,14.65472222,2.049658796,0.064051837,3.843110243,NA,NA,NA,3.843110243,3.843110243,239.0678574
Browns Bay South,Sediment,Light,4,6/8/2022,25.57476364,0.387210369,0.008957612,9,70,90,8.17,7.045,17.235,4.555,759.75,0,0,0,NA,NA,14.65472222,1.933455697,0.060420491,3.625229432,NA,NA,NA,3.625229432,3.625229432,239.0678574
Browns Bay South,Zm,Dark,12,6/8/2022,25.16762727,0.24458202,-0.000139361,4,70,90,8.17,7.045,17.235,4.555,759.75,0.592,10,17.82533333,4.444710929,1.147286822,14.65472222,-0.030080437,-0.000940014,-0.05640082,18.5,178.2533333,5570.416667,-0.003048693,-0.000316408,239.0678574
Browns Bay South,Zm,Dark,16,6/8/2022,24.97117273,0.317574779,-0.009890369,14,71,83,8.17,7.045,17.235,4.555,759.75,1.317,38,10.02,1.381220992,1.137074517,14.65472222,-2.134786604,-0.066712081,-4.002724882,41.15625,200.4,6262.5,-0.097256793,-0.019973677,239.0678574
Browns Bay South,Zm,Dark,20,6/8/2022,24.72538182,0.248133213,-0.002341159,19,76,89,8.17,7.045,17.235,4.555,759.75,0.518,8,7.284,2.376265978,0.410459588,14.65472222,-0.50532752,-0.015791485,-0.9474891,16.1875,58.272,1821,-0.058532145,-0.016259766,239.0678574
Browns Bay South,Zm,Light,21,6/8/2022,25.56202727,0.378321825,0.018281112,16,71,83,8.17,7.045,17.235,4.555,759.75,0.563,14,4.752,2.782391571,1.716463415,14.65472222,3.945886531,0.123308954,7.398537245,17.59375,66.528,2079,0.420520767,0.111209374,239.0678574
Browns Bay South,Zm,Light,5,6/8/2022,25.78536364,0.379570707,0.011458023,2,70,90,8.17,7.045,17.235,4.555,759.75,0.624,15,4.369333333,1.45768636,0.866666667,14.65472222,2.473157061,0.077286158,4.63716949,19.5,65.54,2048.125,0.237803564,0.070753273,239.0678574
Browns Bay South,Zm,Light,9,6/8/2022,25.05675455,0.32862081,0.038062485,20,76,89,8.17,7.045,17.235,4.555,759.75,1.403,22,6.868,3.533123264,0.8228739,14.65472222,8.215597142,0.256737411,15.40424464,43.84375,151.096,4721.75,0.35134414,0.101950049,239.0678574
Guinea Marsh,ASU,Dark,11,7/5/2022,26.76026966,0.072333471,-0.00570502,1,86,97,7.99,7.1,20.025,1.56,763.85,0.049,16,25,NA,NA,14.64472222,-1.231400028,-0.038481251,-2.308875052,1.53125,400,12500,-1.507836769,-0.005772188,124.1463498
Guinea Marsh,ASU,Dark,11,8/18/2022,24.94652222,0.124370616,-0.008180927,18,112,118,8.01,6.735,22.435,2.17,761.3,0.025,16,25,NA,NA,13.5025,-1.765812118,-0.055181629,-3.310897721,0.78125,400,12500,-4.237949083,-0.008277244,NA
Guinea Marsh,ASU,Dark,12,6/6/2022,23.144625,0.136443915,-0.00110125,11,116,129,8.46,8.615,16.445,0.805,763.5,0.058,16,25,NA,NA,14.63,-0.237699358,-0.007428105,-0.445686297,1.8125,400,12500,-0.245895888,-0.001114216,187.9100355
Guinea Marsh,ASU,Dark,12,7/5/2022,26.73667816,0.068926063,-0.0026462,17,86,97,7.99,7.1,20.025,1.56,763.85,0.027,16,25,NA,NA,14.64472222,-0.571169072,-0.017849034,-1.07094201,0.84375,400,12500,-1.269264605,-0.002677355,124.1463498
Guinea Marsh,ASU,Dark,14,7/19/2022,27.76473256,0.114209758,-0.002321868,4,82,87,8.035,7.14,21.025,2.42,758.6,0.021,16,25,NA,NA,14.40027778,-0.501163689,-0.015661365,-0.939681916,0.65625,400,12500,-1.431896254,-0.002349205,138.2744228
Guinea Marsh,ASU,Dark,14,8/5/2022,28.50126136,0.042093081,-0.00936788,3,84,92,8.13,7.055,19.88,1.855,765.9,0.005,16,25,NA,NA,13.93777778,-2.022010007,-0.063187813,-3.791268763,0.15625,400,12500,-24.26412008,-0.009478172,344.7169465
Guinea Marsh,ASU,Dark,15,6/6/2022,23.13682022,0.197213,-0.009940663,18,116,129,8.46,8.615,16.445,0.805,763.5,0.17,16,25,NA,NA,14.63,-2.145642307,-0.067051322,-4.023079326,5.3125,400,12500,-0.75728552,-0.010057698,187.9100355
Guinea Marsh,ASU,Dark,15,6/20/2022,21.92690541,0.217402043,-0.00294,11,90,106,8.005,8.08,18.975,0.945,767.1,0.048,16,25,NA,NA,14.72972222,-0.634584348,-0.019830761,-1.189845652,1.5,400,12500,-0.793230435,-0.002974614,175.8185702
Guinea Marsh,ASU,Dark,15,8/5/2022,28.53065,0.05071835,-0.004600642,5,84,92,8.13,7.055,19.88,1.855,765.9,0.045,16,25,NA,NA,13.93777778,-0.993025475,-0.031032046,-1.861922766,1.40625,400,12500,-1.324033967,-0.004654807,344.7169465
Guinea Marsh,ASU,Dark,15,8/18/2022,24.93534091,0.119317493,-0.007130056,16,112,118,8.01,6.735,22.435,2.17,761.3,0.326,16,25,NA,NA,13.5025,-1.538987045,-0.048093345,-2.885600709,10.1875,400,12500,-0.283249149,-0.007214002,NA
Guinea Marsh,ASU,Dark,16,6/20/2022,22.1287625,0.208147784,-0.001247852,12,90,106,8.005,8.08,18.975,0.945,767.1,0.222,16,25,NA,NA,14.72972222,-0.269342573,-0.008416955,-0.505017324,6.9375,400,12500,-0.07279529,-0.001262543,175.8185702
Guinea Marsh,ASU,Dark,16,7/19/2022,27.76273118,0.115404877,-0.001568073,10,82,87,8.035,7.14,21.025,2.42,758.6,0.014,16,25,NA,NA,14.40027778,-0.338460708,-0.010576897,-0.634613828,0.4375,400,12500,-1.450545893,-0.001586535,138.2744228
Guinea Marsh,ASU,Dark,16,9/5/2022,27.30197619,0.138299916,0,16,90,101,8.19,6.97,21.665,4.2,763.45,0.075,16,25,NA,NA,12.83333333,0,0,0,2.34375,400,12500,0,0,201.5242263
Guinea Marsh,ASU,Dark,17,8/5/2022,28.51559375,0.054111888,-0.006845704,14,84,92,8.13,7.055,19.88,1.855,765.9,0.053,16,25,NA,NA,13.93777778,-1.477610942,-0.046175342,-2.770520517,1.65625,400,12500,-1.672767104,-0.006926301,344.7169465
Guinea Marsh,ASU,Dark,17,8/18/2022,24.95626667,0.113048443,-0.005493163,7,112,118,8.01,6.735,22.435,2.17,761.3,0.063,16,25,NA,NA,13.5025,-1.185671856,-0.037052246,-2.223134731,1.96875,400,12500,-1.129211292,-0.005557837,NA
Guinea Marsh,ASU,Dark,17,9/5/2022,27.33007317,0.134488035,-0.001858305,12,90,101,8.19,6.97,21.665,4.2,763.45,0.038,16,25,NA,NA,12.83333333,-0.401105872,-0.012534558,-0.752073509,1.1875,400,12500,-0.63332506,-0.001880184,201.5242263
Guinea Marsh,ASU,Dark,18,6/6/2022,23.01650649,0.180763776,-0.003064799,12,116,129,8.46,8.615,16.445,0.805,763.5,0.079,16,25,NA,NA,14.63,-0.661521589,-0.02067255,-1.24035298,2.46875,400,12500,-0.50242146,-0.003100882,187.9100355
Guinea Marsh,ASU,Dark,18,7/19/2022,27.77394318,0.107009008,-0.007183748,5,82,87,8.035,7.14,21.025,2.42,758.6,0.006,16,25,NA,NA,14.40027778,-1.55057615,-0.048455505,-2.907330281,0.1875,400,12500,-15.5057615,-0.007268326,138.2744228
Guinea Marsh,ASU,Dark,18,9/5/2022,27.33656667,0.135692899,-0.00116954,11,90,101,8.19,6.97,21.665,4.2,763.45,0.074,16,25,NA,NA,12.83333333,-0.252439399,-0.007888731,-0.473323873,2.3125,400,12500,-0.204680594,-0.00118331,201.5242263
Guinea Marsh,ASU,Dark,19,7/5/2022,26.7645618,0.067301384,-0.004915581,11,86,97,7.99,7.1,20.025,1.56,763.85,0.055,16,25,NA,NA,14.64472222,-1.061003508,-0.03315636,-1.989381577,1.71875,400,12500,-1.157458372,-0.004973454,124.1463498
Guinea Marsh,ASU,Dark,20,6/20/2022,22.19159722,0.196780686,-0.001982348,18,90,106,8.005,8.08,18.975,0.945,767.1,0.139,16,25,NA,NA,14.72972222,-0.42787998,-0.013371249,-0.802274962,4.34375,400,12500,-0.184696394,-0.002005687,175.8185702
Guinea Marsh,ASU,Light,1,6/20/2022,22.53850633,0.251259386,0.025046793,2,90,106,8.005,8.08,18.975,0.945,767.1,0.332,16,25,NA,NA,14.72972222,5.406225138,0.168944536,10.13667213,10.375,400,12500,0.977028639,0.02534168,175.8185702
Guinea Marsh,ASU,Light,1,7/19/2022,27.89292553,0.145516229,0.010977941,17,82,87,8.035,7.14,21.025,2.42,758.6,0.006,16,25,NA,NA,14.40027778,2.369533617,0.074047926,4.442875531,0.1875,400,12500,23.69533617,0.011107189,138.2744228
Guinea Marsh,ASU,Light,1,8/5/2022,28.58211494,0.082719254,0.00469192,4,84,92,8.13,7.055,19.88,1.855,765.9,0.025,16,25,NA,NA,13.93777778,1.012727537,0.031647736,1.898864132,0.78125,400,12500,2.430546089,0.00474716,344.7169465
Guinea Marsh,ASU,Light,10,8/5/2022,28.59089796,0.114424647,0.0076308,8,84,92,8.13,7.055,19.88,1.855,765.9,0.041,16,25,NA,NA,13.93777778,1.647070022,0.051470938,3.08825629,1.28125,400,12500,2.410346373,0.007720641,344.7169465
Guinea Marsh,ASU,Light,2,6/6/2022,23.51653086,0.191860176,0.011298777,8,116,129,8.46,8.615,16.445,0.805,763.5,0.177,16,25,NA,NA,14.63,2.438784431,0.076212013,4.572720808,5.53125,400,12500,0.826706587,0.011431802,187.9100355
Guinea Marsh,ASU,Light,21,8/5/2022,28.59730208,0.089034484,0.003046738,1,84,92,8.13,7.055,19.88,1.855,765.9,0.022,16,25,NA,NA,13.93777778,0.657623242,0.020550726,1.233043578,0.6875,400,12500,1.793517932,0.003082609,344.7169465
Guinea Marsh,ASU,Light,24,8/18/2022,25.29196774,0.208227637,0.020268996,12,112,118,8.01,6.735,22.435,2.17,761.3,0.062,16,25,NA,NA,13.5025,4.3749615,0.136717547,8.203052812,1.9375,400,12500,4.23383371,0.020507632,NA
Guinea Marsh,ASU,Light,24,9/5/2022,27.54004706,0.121002352,0.012904213,8,90,101,8.19,6.97,21.665,4.2,763.45,0.047,16,25,NA,NA,12.83333333,2.785309812,0.087040932,5.222455897,1.46875,400,12500,3.555714654,0.01305614,201.5242263
Guinea Marsh,ASU,Light,4,6/6/2022,23.58803896,0.19666492,0.006815856,13,116,129,8.46,8.615,16.445,0.805,763.5,0.003,16,25,NA,NA,14.63,1.471168435,0.045974014,2.758440816,0.09375,400,12500,29.42336871,0.006896102,187.9100355
Guinea Marsh,ASU,Light,4,6/20/2022,22.76235714,0.215845139,0.014115205,10,90,106,8.005,8.08,18.975,0.945,767.1,0.025,16,25,NA,NA,14.72972222,3.046696459,0.095209264,5.71255586,0.78125,400,12500,7.3120715,0.01428139,175.8185702
Guinea Marsh,ASU,Light,4,9/5/2022,27.52386022,0.1432562,0.029061218,6,90,101,8.19,6.97,21.665,4.2,763.45,0.102,16,25,NA,NA,12.83333333,6.272718629,0.196022457,11.76134743,3.1875,400,12500,3.689834488,0.029403369,201.5242263
Guinea Marsh,ASU,Light,5,7/19/2022,27.96584615,0.149189285,0.010204364,3,82,87,8.035,7.14,21.025,2.42,758.6,0.017,16,25,NA,NA,14.40027778,2.202561008,0.068830031,4.129801889,0.53125,400,12500,7.773744732,0.010324505,138.2744228
Guinea Marsh,ASU,Light,6,6/6/2022,23.57994505,0.246651863,0.008809474,20,116,129,8.46,8.615,16.445,0.805,763.5,0.245,16,25,NA,NA,14.63,1.901480986,0.059421281,3.565276849,7.65625,400,12500,0.465668813,0.008913192,187.9100355
Guinea Marsh,ASU,Light,6,7/5/2022,26.83012857,0.058635677,0.00643387,4,86,97,7.99,7.1,20.025,1.56,763.85,0.001,16,25,NA,NA,14.64472222,1.388718731,0.04339746,2.603847621,0.03125,400,12500,83.32312387,0.006509619,124.1463498
Guinea Marsh,ASU,Light,6,8/18/2022,25.27527473,0.1673261,0.01277315,13,112,118,8.01,6.735,22.435,2.17,761.3,0.046,16,25,NA,NA,13.5025,2.757020502,0.086156891,5.16941344,1.4375,400,12500,3.596113698,0.012923534,NA
Guinea Marsh,ASU,Light,6,9/5/2022,27.50014118,0.152987017,0.014690829,14,90,101,8.19,6.97,21.665,4.2,763.45,0.136,16,25,NA,NA,12.83333333,3.170941986,0.099091937,5.945516223,4.25,400,12500,1.398944994,0.014863791,201.5242263
Guinea Marsh,ASU,Light,7,7/5/2022,26.88121951,0.095935038,0.007573007,14,86,97,7.99,7.1,20.025,1.56,763.85,0.14,16,25,NA,NA,14.64472222,1.634595696,0.051081115,3.064866929,4.375,400,12500,0.700541012,0.007662167,124.1463498
Guinea Marsh,ASU,Light,7,7/19/2022,27.91870787,0.14193446,0.008579471,20,82,87,8.035,7.14,21.025,2.42,758.6,0.026,16,25,NA,NA,14.40027778,1.85183599,0.057869875,3.47219248,0.8125,400,12500,4.273467668,0.008680481,138.2744228
Guinea Marsh,ASU,Light,7,8/18/2022,25.20628049,0.169166969,0.021639312,6,112,118,8.01,6.735,22.435,2.17,761.3,0.062,16,25,NA,NA,13.5025,4.670737217,0.145960538,8.757632281,1.9375,400,12500,4.520068274,0.021894081,NA
Guinea Marsh,ASU,Light,9,6/20/2022,22.52149383,0.297729748,0.030948734,13,90,106,8.005,8.08,18.975,0.945,767.1,0.375,16,25,NA,NA,14.72972222,6.680129439,0.208754045,12.5252427,11.71875,400,12500,1.06882071,0.031313107,175.8185702
Guinea Marsh,ASU,Light,9,7/5/2022,26.91294505,0.096302344,0.027497054,6,86,97,7.99,7.1,20.025,1.56,763.85,0.303,16,25,NA,NA,14.64472222,5.93510167,0.185471927,11.12831563,9.46875,400,12500,1.175267657,0.027820789,124.1463498
Guinea Marsh,Rm,Dark,11,6/6/2022,23.40127273,0.214624311,-0.002743159,16,111,134,8.46,8.615,16.445,0.805,763.5,0.351,51,1.6245,0.513287184,0.748400853,14.63,-0.592097219,-0.018503038,-1.110182286,10.96875,82.8495,2589.046875,-0.1012132,-0.013399988,187.9100355
Guinea Marsh,Rm,Dark,11,8/5/2022,28.83317273,0.247649903,-0.007181961,12,62,111,8.13,7.055,19.88,1.855,765.9,0.497,68,1.446666667,0.217301195,1.995983936,13.93777778,-1.550190284,-0.048443446,-2.906606783,15.53125,98.37333333,3074.166667,-0.187145708,-0.029546694,344.7169465
Guinea Marsh,Rm,Dark,11,9/5/2022,27.75042727,0.123590509,-0.000311494,9,83,124,8.19,6.97,21.665,4.2,763.45,0.128,35,0.788666667,0.414734798,0.468864469,12.83333333,-0.067234515,-0.002101079,-0.126064716,4,27.60333333,862.6041667,-0.031516179,-0.004567011,201.5242263
Guinea Marsh,Rm,Dark,12,7/19/2022,28.13302727,0.209699849,-0.004927564,16,73,102,8.035,7.14,21.025,2.42,758.6,0.39,42,1.447066667,0.390301646,2.37804878,14.40027778,-1.063589971,-0.033237187,-1.994231196,12.1875,60.7768,1899.275,-0.163629226,-0.032812376,138.2744228
Guinea Marsh,Rm,Dark,12,8/5/2022,28.68264545,0.191006152,-0.006218632,7,84,103,8.13,7.055,19.88,1.855,765.9,0.567,114,1.583333333,0.405646339,1.593406593,13.93777778,-1.34226068,-0.041945646,-2.516738776,17.71875,171,5343.75,-0.142038167,-0.014717771,344.7169465
Guinea Marsh,Rm,Dark,12,9/19/2022,25.99224545,0.151453277,-0.004454358,16,74,94,8.3,7.865,23.325,8.805,761.65,0.189,26,1.2308,0.464874668,0.326989619,12.28638889,-0.961450817,-0.030045338,-1.802720282,5.90625,32.0008,1000.025,-0.305222482,-0.0563336,124.5938238
Guinea Marsh,Rm,Dark,13,8/18/2022,25.08080909,0.114057566,-0.005307748,1,106,121,8.01,6.735,22.435,2.17,761.3,0.443,98,1.772666667,0.33567558,0.865234375,13.5025,-1.145650791,-0.035801587,-2.148095232,13.84375,173.7213333,5428.791667,-0.15516715,-0.012365178,NA
Guinea Marsh,Rm,Dark,13,9/5/2022,27.68600909,0.073431925,-0.010485988,13,81,105,8.19,6.97,21.665,4.2,763.45,0.51,57,1.4784,0.318307309,0.377218935,12.83333333,-2.263348017,-0.070729626,-4.243777533,15.9375,84.2688,2633.4,-0.266276237,-0.050360009,201.5242263
Guinea Marsh,Rm,Dark,14,6/20/2022,22.46256364,0.12390767,-0.001331782,14,79,129,8.005,8.08,18.975,0.945,767.1,0.373,95,1.190666667,0.096103119,0.625838926,14.72972222,-0.287458477,-0.008983077,-0.538984644,11.65625,113.1133333,3534.791667,-0.046239969,-0.004764997,175.8185702
Guinea Marsh,Rm,Dark,15,7/5/2022,26.85118182,0.132061299,-0.001630274,9,90,126,7.99,7.1,20.025,1.56,763.85,0.069,38,0.439125,0.154218838,0.552,14.64472222,-0.351886481,-0.010996453,-0.659787153,2.15625,16.68675,521.4609375,-0.305988245,-0.039539584,124.1463498
Guinea Marsh,Rm,Dark,16,5/23/2022,23.55339091,0.103376137,-0.001938659,16,96,118,NA,8.5,17.385,0.875,766.05,0.426,55,2.424,0.512132795,0.464547677,14.37166667,-0.418449828,-0.013076557,-0.784593428,13.3125,128.472,4014.75,-0.058936596,-0.006107116,48.48812047
Guinea Marsh,Rm,Dark,16,6/6/2022,23.48405455,0.21382827,-0.000839969,9,111,134,8.46,8.615,16.445,0.805,763.5,0.458,40,1.585333333,0.389345727,0.220083682,14.63,-0.181303037,-0.00566572,-0.339943194,14.3125,58.65733333,1833.041667,-0.02375149,-0.005795408,187.9100355
Guinea Marsh,Rm,Dark,16,7/5/2022,26.98806364,0.091585252,-0.003213233,8,84,122,7.99,7.1,20.025,1.56,763.85,0.364,71,0,NA,1.277192982,14.64472222,-0.693560169,-0.021673755,-1.300425317,11.375,NA,NA,-0.114323105,-1.300425317,124.1463498
Guinea Marsh,Rm,Dark,16,8/5/2022,28.78303636,0.233923728,0,16,59,94,8.13,7.055,19.88,1.855,765.9,0.157,13,1.341333333,0.286800744,1.32,13.93777778,0,0,0,4.90625,14.75466667,461.0833333,0,0,344.7169465
Guinea Marsh,Rm,Dark,16,8/18/2022,25.0327,0.149892289,-0.003558781,19,101,119,8.01,6.735,22.435,2.17,761.3,0.568,67,1.935066667,0.727588921,1.385416667,13.5025,-0.768145041,-0.024004533,-1.440271951,17.75,129.6494667,4051.545833,-0.081142082,-0.011108969,NA
Guinea Marsh,Rm,Dark,16,9/19/2022,25.67229545,0.095131507,-0.00133447,15,84,101,8.3,7.865,23.325,8.805,761.65,0.26,9,0.827733333,0.093932701,0.597222222,12.28638889,-0.288038694,-0.009001209,-0.540072551,8.125,7.4496,232.8,-0.066470468,-0.072496852,124.5938238
Guinea Marsh,Rm,Dark,17,7/19/2022,28.17038182,0.208309622,-0.003174601,8,74,103,8.035,7.14,21.025,2.42,758.6,0.267,51,0.896533333,0.193314646,1.302439024,14.40027778,-0.685221692,-0.021413178,-1.284790672,8.34375,45.7232,1428.85,-0.153982403,-0.028099317,138.2744228
Guinea Marsh,Rm,Dark,18,6/20/2022,22.50318182,0.101154182,-0.000964744,16,75,129,8.005,8.08,18.975,0.945,767.1,0.325,84,1.102,0.347855471,1.01793722,14.72972222,-0.208235091,-0.006507347,-0.390440796,10.15625,89.262,2789.4375,-0.038443401,-0.004374099,175.8185702
Guinea Marsh,Rm,Dark,18,7/5/2022,27.02913636,0.098686184,-0.004458334,10,81,123,7.99,7.1,20.025,1.56,763.85,0.303,70,1.0668,0.315562808,0.644680851,14.64472222,-0.962309015,-0.030072157,-1.804329404,9.46875,74.676,2333.625,-0.190556241,-0.024162106,124.1463498
Guinea Marsh,Rm,Dark,18,8/18/2022,25.0401,0.157601748,-0.003788074,10,102,118,8.01,6.735,22.435,2.17,761.3,0.266,76,1.3176,0.198753544,1.414893617,13.5025,-0.81763673,-0.025551148,-1.533068869,8.3125,100.1376,3129.3,-0.184429338,-0.015309623,NA
Guinea Marsh,Rm,Dark,19,5/23/2022,23.50415455,0.069128545,-0.001424706,10,96,126,NA,8.5,17.385,0.875,766.05,0.516,99,2.036,1.009990099,0.742446043,14.37166667,-0.307515696,-0.009609866,-0.576591931,16.125,201.564,6298.875,-0.035757639,-0.00286059,48.48812047
Guinea Marsh,Rm,Dark,19,6/6/2022,23.52699091,0.215608994,-0.001276416,17,111,134,8.46,8.615,16.445,0.805,763.5,0.393,65,1.3872,0.276752391,0.474637681,14.63,-0.275507912,-0.008609622,-0.516577335,12.28125,90.168,2817.75,-0.042062277,-0.005729054,187.9100355
Guinea Marsh,Rm,Dark,19,6/20/2022,22.51416364,0.151668187,-0.001472254,1,91,125,8.005,8.08,18.975,0.945,767.1,0.102,37,1.2676,0.430089825,0.772727273,14.72972222,-0.317778732,-0.009930585,-0.595835122,3.1875,46.9012,1465.6625,-0.186928666,-0.012704049,175.8185702
Guinea Marsh,Rm,Dark,19,7/19/2022,27.96,0.167885938,-0.005731707,11,84,100,8.035,7.14,21.025,2.42,758.6,0.619,50,1.922266667,0.553109065,2.206030151,14.40027778,-1.237160239,-0.038661257,-2.319675448,19.34375,88.42426667,2763.258333,-0.119918602,-0.026233471,138.2744228
Guinea Marsh,Rm,Dark,20,5/23/2022,23.48661818,0.066394288,-0.001381755,2,101,111,NA,8.5,17.385,0.875,766.05,0.236,29,5.168,8.187632136,0.676691729,14.37166667,-0.298244914,-0.009320154,-0.559209215,7.375,134.368,4199,-0.075824978,-0.004161774,48.48812047
Guinea Marsh,Rm,Dark,22,9/19/2022,25.9832,0.098172737,-0.001835001,5,86,108,8.3,7.865,23.325,8.805,761.65,0.258,52,0.954,0.162271378,0.507874016,12.28638889,-0.396075884,-0.012377371,-0.742642283,8.0625,49.608,1550.25,-0.092110671,-0.014970212,124.5938238
Guinea Marsh,Rm,Dark,25,9/5/2022,27.70800909,0.11762719,-0.001513344,18,84,115,8.19,6.97,21.665,4.2,763.45,0.59,43,1.922,0.429711531,1.679324895,12.83333333,-0.326647628,-0.010207738,-0.612464303,18.4375,69.192,2162.25,-0.033218403,-0.008851664,201.5242263
Guinea Marsh,Rm,Light,1,9/5/2022,27.81660909,0.079613297,0.033159456,2,81,105,8.19,6.97,21.665,4.2,763.45,0.628,51,1.978,0.430986907,0.676348548,12.83333333,7.157302839,0.223665714,13.41994282,19.625,90.988,2843.375,0.683818743,0.147491349,201.5242263
Guinea Marsh,Rm,Light,10,5/23/2022,23.79774545,0.102259289,0.012325759,19,101,111,NA,8.5,17.385,0.875,766.05,0.468,53,1.92,0.502593275,0.662707838,14.37166667,2.660453434,0.08313917,4.988350189,14.625,94.08,2940,0.341083774,0.05302243,48.48812047
Guinea Marsh,Rm,Light,10,6/6/2022,23.98583636,0.225536243,0.011700714,14,111,134,8.46,8.615,16.445,0.805,763.5,0.192,37,1.455066667,0.333506793,0.657534247,14.63,2.52554059,0.078923143,4.735388606,6,53.83746667,1682.420833,0.789231434,0.087957122,187.9100355
Guinea Marsh,Rm,Light,10,9/5/2022,27.88656364,0.124677678,0.023719829,15,84,115,8.19,6.97,21.665,4.2,763.45,0.223,49,1.117333333,0.334912071,0.214836224,12.83333333,5.119806561,0.159993955,9.599637302,6.96875,54.74933333,1710.916667,1.377526429,0.175337976,201.5242263
Guinea Marsh,Rm,Light,11,8/18/2022,25.31492727,0.135529794,0.037345279,4,101,119,8.01,6.735,22.435,2.17,761.3,0.681,90,2.5996,0.330065102,1.107317073,13.5025,8.060791681,0.25189974,15.1139844,21.28125,233.964,7311.375,0.71020191,0.064599615,NA
Guinea Marsh,Rm,Light,21,6/6/2022,24.02159091,0.275253054,0.015774379,5,111,134,8.46,8.615,16.445,0.805,763.5,0.553,65,1.8168,0.48154976,0.452166803,14.63,3.404820884,0.106400653,6.384039158,17.28125,118.092,3690.375,0.369419987,0.054059878,187.9100355
Guinea Marsh,Rm,Light,21,6/20/2022,23.18845455,0.104699275,0.014073608,20,75,129,8.005,8.08,18.975,0.945,767.1,0.645,134,1.210266667,0.165176731,0.684713376,14.72972222,3.037717925,0.094928685,5.695721109,20.15625,162.1757333,5067.991667,0.282578412,0.035120674,175.8185702
Guinea Marsh,Rm,Light,21,7/5/2022,27.06777273,0.158188986,0.013076823,13,90,126,7.99,7.1,20.025,1.56,763.85,0.146,64,0.454133333,0.025983145,0.605809129,14.64472222,2.822566804,0.088205213,5.292312758,4.5625,29.06453333,908.2666667,1.159958961,0.182088344,124.1463498
Guinea Marsh,Rm,Light,3,6/6/2022,24.09429091,0.270184047,0.008757904,3,111,134,8.46,8.615,16.445,0.805,763.5,0.385,48,1.4284,0.468210087,0.351919561,14.63,1.890349685,0.059073428,3.544405659,12.03125,68.5632,2142.6,0.294599951,0.051695453,187.9100355
Guinea Marsh,Rm,Light,3,8/5/2022,28.78673636,0.245189823,0.020993105,13,84,103,8.13,7.055,19.88,1.855,765.9,0.254,49,1.538666667,0.422541742,1.170506912,13.93777778,4.531256774,0.141601774,8.496106452,7.9375,75.39466667,2356.083333,1.070375616,0.112688428,344.7169465
Guinea Marsh,Rm,Light,3,8/18/2022,25.33436364,0.153776421,0.018160049,2,102,118,8.01,6.735,22.435,2.17,761.3,0.276,12,1.490666667,0.148248183,1.095238095,13.5025,3.919755795,0.122492369,7.349542116,8.625,17.888,559,0.852120825,0.410864385,NA
Guinea Marsh,Rm,Light,3,9/19/2022,26.10545455,0.1409333,0.023085076,1,74,94,8.3,7.865,23.325,8.805,761.65,0.511,65,1.080533333,0.481557869,0.549593496,12.28638889,4.982798241,0.155712445,9.342746702,15.96875,65.91253333,2059.766667,0.585064373,0.141744616,124.5938238
Guinea Marsh,Rm,Light,4,7/5/2022,27.14256364,0.117940237,0.020263997,19,84,122,7.99,7.1,20.025,1.56,763.85,0.46,87,1.758533333,0.216204224,0.942622951,14.64472222,4.373882349,0.136683823,8.201029405,14.375,152.9924,4781.0125,0.570506393,0.053604162,124.1463498
Guinea Marsh,Rm,Light,4,7/19/2022,28.15402727,0.229134329,0.013324517,15,84,100,8.035,7.14,21.025,2.42,758.6,0.695,43,2.4684,0.517431679,2.385321101,14.40027778,2.87603041,0.08987595,5.39255702,21.71875,106.1412,3316.9125,0.248290395,0.050805503,138.2744228
Guinea Marsh,Rm,Light,4,8/18/2022,25.34625455,0.113873295,0.017432299,11,106,121,8.01,6.735,22.435,2.17,761.3,0.269,76,1.288533333,0.399634452,0.864951768,13.5025,3.762674632,0.117583582,7.055014936,8.40625,97.92853333,3060.266667,0.839258282,0.072042485,NA
Guinea Marsh,Rm,Light,5,6/20/2022,23.14448182,0.133780508,0.01550884,19,79,129,8.005,8.08,18.975,0.945,767.1,0.391,86,1.3828,0.31229272,0.681184669,14.72972222,3.347505551,0.104609548,6.276572908,12.21875,118.9208,3716.275,0.513683716,0.052779437,175.8185702
Guinea Marsh,Rm,Light,5,7/5/2022,27.2325,0.121592397,0.019831227,18,81,123,7.99,7.1,20.025,1.56,763.85,0.951,119,1.187333333,0.486416439,1.949640288,14.64472222,4.280471114,0.133764722,8.025883339,29.71875,141.2926667,4415.395833,0.270061269,0.056803255,124.1463498
Guinea Marsh,Rm,Light,5,8/5/2022,28.94656364,0.273873691,0.023577273,19,59,94,8.13,7.055,19.88,1.855,765.9,0.22,46,1.5788,0.183093731,1.083743842,13.93777778,5.089036398,0.159032387,9.541943246,6.875,72.6248,2269.525,1.387919018,0.131386844,344.7169465
Guinea Marsh,Rm,Light,6,5/23/2022,23.91754545,0.1332764,0.01756363,5,96,126,NA,8.5,17.385,0.875,766.05,0.803,94,2.16,0.435660418,0.616743472,14.37166667,3.791021657,0.118469427,7.108165606,25.09375,203.04,6345,0.283264383,0.035008696,48.48812047
Guinea Marsh,Rm,Light,6,6/20/2022,23.04740909,0.153192168,0.008491681,4,91,125,8.005,8.08,18.975,0.945,767.1,0.206,56,1.2192,0.290651288,0.847736626,14.72972222,1.832886822,0.057277713,3.436662792,6.4375,68.2752,2133.6,0.533850531,0.050335448,175.8185702
Guinea Marsh,Rm,Light,6,8/5/2022,29.07316364,0.283083984,0.045725839,17,62,111,8.13,7.055,19.88,1.855,765.9,1.292,113,1.658133333,0.396203026,1.778350515,13.93777778,9.869693754,0.30842793,18.50567579,40.375,179.0784,5596.2,0.458344911,0.103338403,344.7169465
Guinea Marsh,Rm,Light,6,9/19/2022,25.8425,0.114912472,0.021825925,2,84,101,8.3,7.865,23.325,8.805,761.65,0.268,53,0.950933333,0.358324567,0.285140562,12.28638889,4.711016701,0.147219272,8.833156314,8.375,38.98826667,1218.383333,1.054705232,0.226559349,124.5938238
Guinea Marsh,Rm,Light,7,5/23/2022,23.8946,0.114286394,0.002375882,1,96,118,NA,8.5,17.385,0.875,766.05,0.674,16,1.824,0.753047143,1.521444695,14.37166667,0.512822321,0.016025698,0.961541853,21.0625,29.184,912,0.045651839,0.032947569,48.48812047
Guinea Marsh,Rm,Light,9,7/19/2022,28.3982,0.255022748,0.020548544,13,73,102,8.035,7.14,21.025,2.42,758.6,0.54,76,2.053466667,0.3215991,1.015037594,14.40027778,4.435300544,0.138603142,8.316188519,16.875,156.0634667,4876.983333,0.492811172,0.053287222,138.2744228
Guinea Marsh,Rm,Light,9,9/5/2022,27.88717273,0.15625948,0.026031942,4,83,124,8.19,6.97,21.665,4.2,763.45,0.392,92,1.0856,0.254039592,0.404958678,12.83333333,5.618864584,0.175589518,10.53537109,12.25,99.8752,3121.1,0.860030293,0.105485357,201.5242263
Guinea Marsh,Rm,Light,9,9/19/2022,26.05733636,0.066254483,0.011032174,10,86,108,8.3,7.865,23.325,8.805,761.65,0.328,18,1.048875,0.105845091,0.388809182,12.28638889,2.381239563,0.074413736,4.464824181,10.25,18.87975,589.9921875,0.435592603,0.236487463,124.5938238
Guinea Marsh,Sediment,Dark,1,7/5/2022,27.29095455,0.171592936,-0.000830665,6,95,122,7.99,7.1,20.025,1.56,763.85,0,0,0,NA,NA,14.64472222,-0.179294836,-0.005602964,-0.336177818,NA,NA,NA,-0.336177818,-0.336177818,124.1463498
Guinea Marsh,Sediment,Dark,11,8/18/2022,25.354,0.07651339,-0.004903656,13,106,130,8.01,6.735,22.435,2.17,761.3,0,0,0,NA,NA,13.5025,-1.058429629,-0.033075926,-1.984555555,NA,NA,NA,-1.984555555,-1.984555555,NA
Guinea Marsh,Sediment,Dark,11,9/19/2022,25.91455455,0.170332303,-0.000878597,7,74,94,8.3,7.865,23.325,8.805,761.65,0,0,0,NA,NA,12.28638889,-0.189640683,-0.005926271,-0.355576281,NA,NA,NA,-0.355576281,-0.355576281,124.5938238
Guinea Marsh,Sediment,Dark,12,5/23/2022,23.60852727,0.120622826,-0.000737917,4,91,110,NA,8.5,17.385,0.875,766.05,0,0,0,NA,NA,14.37166667,-0.159275768,-0.004977368,-0.298642064,NA,NA,NA,-0.298642064,-0.298642064,48.48812047
Guinea Marsh,Sediment,Dark,12,6/6/2022,24.12705682,0.217541242,-0.000346927,8,123,139,8.46,8.615,16.445,0.805,763.5,0,0,0,NA,NA,14.63,-0.074882544,-0.00234008,-0.14040477,NA,NA,NA,-0.14040477,-0.14040477,187.9100355
Guinea Marsh,Sediment,Dark,14,7/19/2022,28.52675,0.170210272,-0.005894385,5,81,111,8.035,7.14,21.025,2.42,758.6,0,0,0,NA,NA,14.40027778,-1.272273445,-0.039758545,-2.385512709,NA,NA,NA,-2.385512709,-2.385512709,138.2744228
Guinea Marsh,Sediment,Dark,14,8/5/2022,29.38870909,0.220495578,-0.002705976,3,62,111,8.13,7.055,19.88,1.855,765.9,0,0,0,NA,NA,13.93777778,-0.584071354,-0.01825223,-1.095133789,NA,NA,NA,-1.095133789,-1.095133789,344.7169465
Guinea Marsh,Sediment,Dark,15,6/6/2022,24.056,0.230042375,-0.000455061,12,123,139,8.46,8.615,16.445,0.805,763.5,0,0,0,NA,NA,14.63,-0.098222689,-0.003069459,-0.184167541,NA,NA,NA,-0.184167541,-0.184167541,187.9100355
Guinea Marsh,Sediment,Dark,15,6/20/2022,22.67637273,0.175086393,-0.000777871,11,100,135,8.005,8.08,18.975,0.945,767.1,0,0,0,NA,NA,14.72972222,-0.167899625,-0.005246863,-0.314811796,NA,NA,NA,-0.314811796,-0.314811796,175.8185702
Guinea Marsh,Sediment,Dark,15,8/5/2022,29.25425455,0.184603191,-0.003564001,8,84,103,8.13,7.055,19.88,1.855,765.9,0,0,0,NA,NA,13.93777778,-0.769271801,-0.024039744,-1.442384627,NA,NA,NA,-1.442384627,-1.442384627,344.7169465
Guinea Marsh,Sediment,Dark,15,8/18/2022,25.34461039,0.094654796,-0.006543162,16,112,135,8.01,6.735,22.435,2.17,761.3,0,0,0,NA,NA,13.5025,-1.41230875,-0.044134648,-2.648078906,NA,NA,NA,-2.648078906,-2.648078906,NA
Guinea Marsh,Sediment,Dark,16,6/20/2022,22.73987619,0.185084269,-0.000453631,12,95,135,8.005,8.08,18.975,0.945,767.1,0,0,0,NA,NA,14.72972222,-0.097913929,-0.00305981,-0.183588617,NA,NA,NA,-0.183588617,-0.183588617,175.8185702
Guinea Marsh,Sediment,Dark,16,7/19/2022,28.38330928,0.160233317,-0.000448267,17,92,114,8.035,7.14,21.025,2.42,758.6,0.31,6,0,NA,0.514950166,14.40027778,-0.096756279,-0.003023634,-0.181418023,9.6875,NA,NA,-0.018727022,-0.181418023,138.2744228
Guinea Marsh,Sediment,Dark,16,9/5/2022,27.97905455,0.132713656,0,20,86,111,8.19,6.97,21.665,4.2,763.45,0,0,0,NA,NA,12.83333333,0,0,0,NA,NA,NA,0,0,201.5242263
Guinea Marsh,Sediment,Dark,17,5/23/2022,23.50952564,0.069390243,-0.000806766,14,92,111,NA,8.5,17.385,0.875,766.05,0,0,0,NA,NA,14.37166667,-0.174136428,-0.005441763,-0.326505802,NA,NA,NA,-0.326505802,-0.326505802,48.48812047
Guinea Marsh,Sediment,Dark,17,7/5/2022,27.30823636,0.164363489,-0.00119051,14,90,123,7.99,7.1,20.025,1.56,763.85,0,0,0,NA,NA,14.64472222,-0.256965731,-0.008030179,-0.481810745,NA,NA,NA,-0.481810745,-0.481810745,124.1463498
Guinea Marsh,Sediment,Dark,17,8/5/2022,29.29643636,0.218186627,-0.00673264,14,59,94,8.13,7.055,19.88,1.855,765.9,0,0,0,NA,NA,13.93777778,-1.453206647,-0.045412708,-2.724762463,NA,NA,NA,-2.724762463,-2.724762463,344.7169465
Guinea Marsh,Sediment,Dark,17,8/18/2022,25.37992857,0.085380338,-0.002295193,6,110,132,8.01,6.735,22.435,2.17,761.3,0,0,0,NA,NA,13.5025,-0.495405838,-0.015481432,-0.928885946,NA,NA,NA,-0.928885946,-0.928885946,NA
Guinea Marsh,Sediment,Dark,17,9/5/2022,27.94814773,0.149856218,0,14,92,117,8.19,6.97,21.665,4.2,763.45,0,0,0,NA,NA,12.83333333,0,0,0,NA,NA,NA,0,0,201.5242263
Guinea Marsh,Sediment,Dark,17,9/19/2022,25.92263636,0.094149961,-0.002270862,19,86,108,8.3,7.865,23.325,8.805,761.65,0,0,0,NA,NA,12.28638889,-0.490154246,-0.01531732,-0.919039211,NA,NA,NA,-0.919039211,-0.919039211,124.5938238
Guinea Marsh,Sediment,Dark,18,6/6/2022,23.99989011,0.199220618,0,13,123,139,8.46,8.615,16.445,0.805,763.5,0,0,0,NA,NA,14.63,0,0,0,NA,NA,NA,0,0,187.9100355
Guinea Marsh,Sediment,Dark,18,7/19/2022,28.58107216,0.154711644,-0.003341675,10,83,108,8.035,7.14,21.025,2.42,758.6,0,0,0,NA,NA,14.40027778,-0.721283808,-0.022540119,-1.35240714,NA,NA,NA,-1.35240714,-1.35240714,138.2744228
Guinea Marsh,Sediment,Dark,18,9/5/2022,28.03508333,0.140599144,0,3,92,124,8.19,6.97,21.665,4.2,763.45,0,0,0,NA,NA,12.83333333,0,0,0,NA,NA,NA,0,0,201.5242263
Guinea Marsh,Sediment,Dark,18,9/19/2022,25.69635,0.118356798,0,11,84,101,8.3,7.865,23.325,8.805,761.65,0,0,0,NA,NA,12.28638889,0,0,0,NA,NA,NA,0,0,124.5938238
Guinea Marsh,Sediment,Dark,19,7/5/2022,27.3074,0.13838838,-0.001998899,1,103,126,7.99,7.1,20.025,1.56,763.85,0,0,0,NA,NA,14.64472222,-0.431452435,-0.013482889,-0.808973315,NA,NA,NA,-0.808973315,-0.808973315,124.1463498
Guinea Marsh,Sediment,Dark,20,6/20/2022,22.68868132,0.106266633,-0.001577105,2,101,130,8.005,8.08,18.975,0.945,767.1,0,0,0,NA,NA,14.72972222,-0.34041017,-0.010637818,-0.63826907,NA,NA,NA,-0.63826907,-0.63826907,175.8185702
Guinea Marsh,Sediment,Dark,3,5/23/2022,23.62264545,0.126595693,-0.00067851,12,91,110,NA,8.5,17.385,0.875,766.05,0,0,0,NA,NA,14.37166667,-0.146452911,-0.004576653,-0.274599209,NA,NA,NA,-0.274599209,-0.274599209,48.48812047
Guinea Marsh,Sediment,Light,1,6/20/2022,23.2806413,0.099540878,0.000512341,18,101,130,8.005,8.08,18.975,0.945,767.1,0,0,0,NA,NA,14.72972222,0.110586284,0.003455821,0.207349283,NA,NA,NA,0.207349283,0.207349283,175.8185702
Guinea Marsh,Sediment,Light,1,7/19/2022,28.93526596,0.1467948,0.013346666,3,83,108,8.035,7.14,21.025,2.42,758.6,0,0,0,NA,NA,14.40027778,2.880811169,0.090025349,5.401520942,NA,NA,NA,5.401520942,5.401520942,138.2744228
Guinea Marsh,Sediment,Light,1,8/5/2022,29.67286364,0.220740517,0.010847318,5,62,111,8.13,7.055,19.88,1.855,765.9,0,0,0,NA,NA,13.93777778,2.341339363,0.073166855,4.390011306,NA,NA,NA,4.390011306,4.390011306,344.7169465
Guinea Marsh,Sediment,Light,10,8/5/2022,29.53689091,0.219371134,0.017709085,4,59,94,8.13,7.055,19.88,1.855,765.9,0,0,0,NA,NA,13.93777778,3.822417492,0.119450547,7.167032798,NA,NA,NA,7.167032798,7.167032798,344.7169465
Guinea Marsh,Sediment,Light,10,9/19/2022,26.07937273,0.073035728,0.006071181,4,86,108,8.3,7.865,23.325,8.805,761.65,0,0,0,NA,NA,12.28638889,1.310434152,0.040951067,2.457064035,NA,NA,NA,2.457064035,2.457064035,124.5938238
Guinea Marsh,Sediment,Light,19,6/20/2022,23.19596364,0.15506228,0.003682799,13,100,135,8.005,8.08,18.975,0.945,767.1,0,0,0,NA,NA,14.72972222,0.794913823,0.024841057,1.490463418,NA,NA,NA,1.490463418,1.490463418,175.8185702
Guinea Marsh,Sediment,Light,2,5/23/2022,23.85402564,0.085434561,0.004690549,13,92,111,NA,8.5,17.385,0.875,766.05,0,0,0,NA,NA,14.37166667,1.012431572,0.031638487,1.898309198,NA,NA,NA,1.898309198,1.898309198,48.48812047
Guinea Marsh,Sediment,Light,21,8/5/2022,29.43795455,0.228936688,0.013193489,1,84,103,8.13,7.055,19.88,1.855,765.9,0,0,0,NA,NA,13.93777778,2.847748648,0.088992145,5.339528715,NA,NA,NA,5.339528715,5.339528715,344.7169465
Guinea Marsh,Sediment,Light,24,8/18/2022,25.82967901,0.181902984,0.017634383,18,110,132,8.01,6.735,22.435,2.17,761.3,0,0,0,NA,NA,13.5025,3.806293324,0.118946666,7.136799983,NA,NA,NA,7.136799983,7.136799983,NA
Guinea Marsh,Sediment,Light,24,9/5/2022,28.10936667,0.133820981,0.002494628,16,92,117,8.19,6.97,21.665,4.2,763.45,0,0,0,NA,NA,12.83333333,0.538452909,0.016826653,1.009599204,NA,NA,NA,1.009599204,1.009599204,201.5242263
Guinea Marsh,Sediment,Light,4,5/23/2022,24.04238182,0.11883849,0.004378877,9,91,110,NA,8.5,17.385,0.875,766.05,0,0,0,NA,NA,14.37166667,0.94515873,0.02953621,1.772172618,NA,NA,NA,1.772172618,1.772172618,48.48812047
Guinea Marsh,Sediment,Light,4,6/6/2022,24.45328235,0.14227092,0.007749684,11,123,139,8.46,8.615,16.445,0.805,763.5,0,0,0,NA,NA,14.63,1.672730546,0.05227283,3.136369774,NA,NA,NA,3.136369774,3.136369774,187.9100355
Guinea Marsh,Sediment,Light,4,6/20/2022,23.43665714,0.112927634,0.003041074,10,95,135,8.005,8.08,18.975,0.945,767.1,0,0,0,NA,NA,14.72972222,0.656400528,0.020512516,1.23075099,NA,NA,NA,1.23075099,1.23075099,175.8185702
Guinea Marsh,Sediment,Light,4,9/5/2022,28.11949495,0.130656691,0.00934545,8,92,124,8.19,6.97,21.665,4.2,763.45,0,0,0,NA,NA,12.83333333,2.017168675,0.063036521,3.782191266,NA,NA,NA,3.782191266,3.782191266,201.5242263
Guinea Marsh,Sediment,Light,4,9/19/2022,25.82527273,0.152026851,0.004272576,9,84,101,8.3,7.865,23.325,8.805,761.65,0,0,0,NA,NA,12.28638889,0.922214193,0.028819194,1.729151611,NA,NA,NA,1.729151611,1.729151611,124.5938238
Guinea Marsh,Sediment,Light,5,5/23/2022,23.92355455,0.112033054,0.002213974,6,91,110,NA,8.5,17.385,0.875,766.05,0,0,0,NA,NA,14.37166667,0.477875302,0.014933603,0.896016191,NA,NA,NA,0.896016191,0.896016191,48.48812047
Guinea Marsh,Sediment,Light,5,7/19/2022,28.60177419,0.160837018,-0.000371598,20,92,114,8.035,7.14,21.025,2.42,758.6,0,0,0,NA,NA,14.40027778,-0.080207499,-0.002506484,-0.150389061,NA,NA,NA,-0.150389061,-0.150389061,138.2744228
Guinea Marsh,Sediment,Light,6,6/6/2022,24.51828889,0.140409373,0.004642001,20,123,139,8.46,8.615,16.445,0.805,763.5,0,0,0,NA,NA,14.63,1.00195262,0.031311019,1.878661162,NA,NA,NA,1.878661162,1.878661162,187.9100355
Guinea Marsh,Sediment,Light,6,7/5/2022,27.38027551,0.158154223,0.003297649,11,103,126,7.99,7.1,20.025,1.56,763.85,0,0,0,NA,NA,14.64472222,0.711780964,0.022243155,1.334589308,NA,NA,NA,1.334589308,1.334589308,124.1463498
Guinea Marsh,Sediment,Light,6,8/18/2022,25.57764444,0.16292573,0.012376279,12,106,130,8.01,6.735,22.435,2.17,761.3,0,0,0,NA,NA,13.5025,2.671357944,0.083479936,5.008796145,NA,NA,NA,5.008796145,5.008796145,NA
Guinea Marsh,Sediment,Light,6,9/5/2022,27.9532931,0.112798067,0.011633552,11,86,105,8.19,6.97,21.665,4.2,763.45,0,0,0,NA,NA,12.83333333,2.511044071,0.078470127,4.708207634,NA,NA,NA,4.708207634,4.708207634,201.5242263
Guinea Marsh,Sediment,Light,7,7/19/2022,28.79657895,0.141124178,0.008677398,4,81,111,8.035,7.14,21.025,2.42,758.6,0,0,0,NA,NA,14.40027778,1.872973022,0.058530407,3.511824417,NA,NA,NA,3.511824417,3.511824417,138.2744228
Guinea Marsh,Sediment,Light,7,8/18/2022,25.65579487,0.140660627,0.011022141,7,112,135,8.01,6.735,22.435,2.17,761.3,0,0,0,NA,NA,13.5025,2.379074007,0.074346063,4.460763764,NA,NA,NA,4.460763764,4.460763764,NA
Guinea Marsh,Sediment,Light,7,9/19/2022,26.05112727,0.158579712,0.005271893,13,74,94,8.3,7.865,23.325,8.805,761.65,0,0,0,NA,NA,12.28638889,1.137911827,0.035559745,2.133584677,NA,NA,NA,2.133584677,2.133584677,124.5938238
Guinea Marsh,Sediment,Light,8,7/5/2022,27.57535455,0.170179699,0.003058776,17,90,123,7.99,7.1,20.025,1.56,763.85,0,0,0,NA,NA,14.64472222,0.660221509,0.020631922,1.23791533,NA,NA,NA,1.23791533,1.23791533,124.1463498
Guinea Marsh,Sediment,Light,9,7/5/2022,27.53336364,0.167339447,0.001572419,4,95,122,7.99,7.1,20.025,1.56,763.85,0,0,0,NA,NA,14.64472222,0.339398836,0.010606214,0.636372817,NA,NA,NA,0.636372817,0.636372817,124.1463498
Guinea Marsh,Zm,Dark,11,5/23/2022,23.51847674,0.057625306,-0.002161609,18,101,111,NA,8.5,17.385,0.875,766.05,1.48,47,16.536,3.936429855,1.064860427,14.37166667,-0.466572436,-0.014580389,-0.874823317,46.25,297.648,9301.5,-0.018915099,-0.00293912,48.48812047
Guinea Marsh,Zm,Dark,11,7/19/2022,27.97490909,0.179452252,-0.01582949,14,84,100,8.035,7.14,21.025,2.42,758.6,3.183,43,1.927066667,0.336729537,1.41047836,14.40027778,-3.416716177,-0.106772381,-6.406342832,99.46875,63.5932,1987.2875,-0.064405583,-0.100739432,138.2744228
Guinea Marsh,Zm,Dark,12,6/20/2022,22.45183636,0.129861996,-0.007258115,5,75,129,8.005,8.08,18.975,0.945,767.1,2.592,18,23.15573333,2.605265862,1.52920354,14.72972222,-1.56662781,-0.048957119,-2.937427144,81,416.8032,13025.1,-0.036264533,-0.007047516,175.8185702
Guinea Marsh,Zm,Dark,12,8/18/2022,25.09428182,0.107606583,-0.023939076,8,106,121,8.01,6.735,22.435,2.17,761.3,2.048,38,10.00986667,4.163462122,0.736403191,13.5025,-5.167129932,-0.16147281,-9.688368623,64,340.3354667,10635.48333,-0.15138076,-0.028467114,NA
Guinea Marsh,Zm,Dark,12,9/5/2022,27.71357576,0.092854625,-0.008843455,10,83,124,8.19,6.97,21.665,4.2,763.45,0,0,0,NA,NA,12.83333333,-1.908815572,-0.059650487,-3.579029197,NA,NA,NA,-3.579029197,-3.579029197,201.5242263
Guinea Marsh,Zm,Dark,13,6/6/2022,23.2505,0.243583934,-0.00394538,4,117,147,8.46,8.615,16.445,0.805,763.5,1.834,21,15.84933333,3.691820044,1.183989671,14.63,-0.851590473,-0.026612202,-1.596732138,57.3125,332.836,10401.125,-0.027860103,-0.004797354,187.9100355
Guinea Marsh,Zm,Dark,13,6/20/2022,22.44651818,0.12806483,-0.009832178,17,79,129,8.005,8.08,18.975,0.945,767.1,2.411,53,1.349333333,0.378175067,0.999116217,14.72972222,-2.122226513,-0.066319579,-3.979174712,75.34375,37.78133333,1180.666667,-0.0528136,-0.105321183,175.8185702
Guinea Marsh,Zm,Dark,13,7/5/2022,27.00601818,0.110707813,-0.012647147,5,84,122,7.99,7.1,20.025,1.56,763.85,3.381,29,13.85813333,2.018846979,0.77492551,14.64472222,-2.729823522,-0.085306985,-5.118419104,105.65625,401.8858667,12558.93333,-0.048444073,-0.012736002,124.1463498
Guinea Marsh,Zm,Dark,13,7/19/2022,28.10000909,0.191225286,-0.023740919,6,74,103,8.035,7.14,21.025,2.42,758.6,3.469,36,13.56173333,2.546790346,1.132180157,14.40027778,-5.124358711,-0.16013621,-9.608172583,108.40625,488.2224,15256.95,-0.088631168,-0.019679909,138.2744228
Guinea Marsh,Zm,Dark,13,8/5/2022,28.64938182,0.16485295,-0.012159245,11,84,103,8.13,7.055,19.88,1.855,765.9,1.348,18,13.51216667,1.402541967,0.52207591,13.93777778,-2.62451232,-0.08201601,-4.9209606,42.125,243.219,7600.59375,-0.116818056,-0.020232632,344.7169465
Guinea Marsh,Zm,Dark,13,9/19/2022,25.94643636,0.077134284,-0.008541689,12,86,108,8.3,7.865,23.325,8.805,761.65,1.87,21,7.355466667,2.481211739,0.576448829,12.28638889,-1.843680813,-0.057615025,-3.456901524,58.4375,154.4648,4827.025,-0.059155534,-0.022379866,124.5938238
Guinea Marsh,Zm,Dark,14,6/6/2022,23.535,0.217312188,-0.005694526,7,117,147,8.46,8.615,16.445,0.805,763.5,2.172,49,8.140333333,5.499395279,0.615123195,14.63,-1.229134902,-0.038410466,-2.304627942,67.875,398.8763333,12464.88542,-0.033954003,-0.005777801,187.9100355
Guinea Marsh,Zm,Dark,14,7/5/2022,27.0761,0.101950334,-0.010518488,15,81,123,7.99,7.1,20.025,1.56,763.85,1.865,19,18.0088,2.696643077,0.50872886,14.64472222,-2.270362995,-0.070948844,-4.256930616,58.28125,342.1672,10692.725,-0.073041169,-0.012441083,124.1463498
Guinea Marsh,Zm,Dark,14,8/18/2022,25.08999091,0.16299758,-0.015268742,20,102,118,8.01,6.735,22.435,2.17,761.3,1.324,32,6.5064,2.214732773,0.35415535,13.5025,-3.295681585,-0.10299005,-6.179402972,41.375,188.6856,5896.425,-0.149351129,-0.032749733,NA
Guinea Marsh,Zm,Dark,15,5/23/2022,23.63175248,0.11742252,-0.007997003,11,96,118,NA,8.5,17.385,0.875,766.05,1.836,28,18.312,1.952721178,0.890829694,14.37166667,-1.726113086,-0.053941034,-3.236462036,57.375,512.736,16023,-0.056408924,-0.006312141,48.48812047
Guinea Marsh,Zm,Dark,15,7/19/2022,28.16589091,0.203187189,-0.010361918,12,73,102,8.035,7.14,21.025,2.42,758.6,2.628,42,12.2208,3.508089085,0.861921942,14.40027778,-2.236568108,-0.069892753,-4.193565202,82.125,513.2736,16039.8,-0.051063199,-0.008170234,138.2744228
Guinea Marsh,Zm,Dark,15,9/5/2022,27.65898182,0.10914194,-0.00628465,5,81,105,8.19,6.97,21.665,4.2,763.45,1.1,27,7.5,2.510169602,0.900253593,12.83333333,-1.356510273,-0.042390946,-2.543456761,34.375,172.5,5390.625,-0.073991469,-0.014744677,201.5242263
Guinea Marsh,Zm,Dark,15,9/19/2022,25.60623944,0.116598268,-0.010303723,18,84,101,8.3,7.865,23.325,8.805,761.65,0.789,11,6.378533333,1.880444851,0.766019417,12.28638889,-2.224007005,-0.069500219,-4.170013135,24.65625,70.16386667,2192.620833,-0.169126008,-0.059432488,124.5938238
Guinea Marsh,Zm,Dark,17,6/6/2022,23.53872727,0.2089746,-0.01209435,2,117,147,8.46,8.615,16.445,0.805,763.5,2.152,29,14.35533333,3.763947674,0.805087916,14.63,-2.610504946,-0.08157828,-4.894696774,67.25,416.3046667,13009.52083,-0.072783595,-0.011757487,187.9100355
Guinea Marsh,Zm,Dark,17,6/20/2022,22.49082727,0.177899356,-0.007247735,6,91,125,8.005,8.08,18.975,0.945,767.1,3.416,31,21.66813333,4.756740028,1.083069119,14.72972222,-1.564387265,-0.048887102,-2.933226121,106.75,671.7121333,20991.00417,-0.027477528,-0.00436679,175.8185702
Guinea Marsh,Zm,Dark,18,5/23/2022,23.53140909,0.052334369,-0.019673111,20,96,126,NA,8.5,17.385,0.875,766.05,3.459,50,23.712,2.792224919,2.281271596,14.37166667,-4.246342663,-0.132698208,-7.961892493,108.09375,426.816,13338,-0.073657288,-0.018654157,48.48812047
Guinea Marsh,Zm,Dark,19,8/5/2022,28.86580909,0.251461763,-0.015646193,18,62,111,8.13,7.055,19.88,1.855,765.9,2.247,29,9.190133333,2.345983737,1.507042254,13.93777778,-3.377152564,-0.105536018,-6.332161057,70.21875,266.5138667,8328.558333,-0.090177639,-0.023759218,344.7169465
Guinea Marsh,Zm,Dark,19,8/18/2022,25.03583636,0.140255633,-0.006214767,9,101,119,8.01,6.735,22.435,2.17,761.3,2.354,70,6.179733333,1.418331186,0.620462989,13.5025,-1.341426385,-0.041919575,-2.515174472,73.5625,296.6272,9269.6,-0.034190987,-0.008479244,NA
Guinea Marsh,Zm,Dark,19,9/5/2022,27.74475455,0.09926151,-0.004317711,19,84,115,8.19,6.97,21.665,4.2,763.45,1.256,17,8.547333333,1.928464625,4.13E-05,12.83333333,-0.931956275,-0.029123634,-1.747418015,39.25,145.3046667,4540.770833,-0.044520204,-0.012025891,201.5242263
Guinea Marsh,Zm,Dark,19,9/19/2022,25.88435065,0.138913052,-0.00045328,3,74,94,8.3,7.865,23.325,8.805,761.65,0.711,11,8.037866667,2.813599369,0.261589404,12.28638889,-0.097838178,-0.003057443,-0.183446584,22.21875,88.41653333,2763.016667,-0.008256386,-0.0020748,124.5938238
Guinea Marsh,Zm,Dark,20,6/6/2022,23.41243636,0.202530438,-0.003342879,10,117,147,8.46,8.615,16.445,0.805,763.5,3.619,36,9.924,2.651653931,1.457511075,14.63,-0.721543766,-0.022548243,-1.352894561,113.09375,357.264,11164.5,-0.011962594,-0.00378682,187.9100355
Guinea Marsh,Zm,Dark,20,7/5/2022,26.80267692,0.09126851,-0.022178121,2,90,126,7.99,7.1,20.025,1.56,763.85,0,0,0,NA,NA,14.64472222,-4.787036626,-0.149594895,-8.975693675,NA,NA,NA,-8.975693675,-8.975693675,124.1463498
Guinea Marsh,Zm,Light,1,5/23/2022,23.79539175,0.084365099,0.028542936,7,101,111,NA,8.5,17.385,0.875,766.05,1.752,49,15.192,2.653397822,1.024983563,14.37166667,6.160850069,0.192526565,11.55159388,54.75,379.8,11868.75,0.210988016,0.030414939,48.48812047
Guinea Marsh,Zm,Light,1,6/6/2022,23.76692727,0.26421595,0.030363504,19,117,147,8.46,8.615,16.445,0.805,763.5,1.887,20,17.82533333,4.444710929,0.829086116,14.63,6.553810528,0.204806579,12.28839474,58.96875,356.5066667,11140.83333,0.208388252,0.034468906,187.9100355
Guinea Marsh,Zm,Light,1,7/5/2022,27.21237273,0.108023261,0.048366768,12,81,123,7.99,7.1,20.025,1.56,763.85,2.761,26,16.1344,4.765910688,0.878739656,14.64472222,10.439725,0.326241406,19.57448438,86.28125,419.4944,13109.2,0.226868345,0.046662087,124.1463498
Guinea Marsh,Zm,Light,1,9/19/2022,25.76346479,0.117231984,0.035545113,17,84,101,8.3,7.865,23.325,8.805,761.65,1.022,12,7.106666667,1.275673641,0.759851301,12.28638889,7.672234961,0.239757343,14.38544055,31.9375,85.28,2665,0.450424753,0.168684809,124.5938238
Guinea Marsh,Zm,Light,10,6/20/2022,22.88380909,0.136383532,0.036678794,3,79,129,8.005,8.08,18.975,0.945,767.1,2.582,52,16.14146667,3.376451346,1.304730473,14.72972222,7.916934337,0.247404198,14.84425188,80.6875,355.1122667,11097.25833,0.183972138,0.041801575,175.8185702
Guinea Marsh,Zm,Light,10,7/5/2022,27.0248,0.1490553,0.041378892,3,90,126,7.99,7.1,20.025,1.56,763.85,2.588,30,15.226,4.98955217,1.130131004,14.64472222,8.931426992,0.279107094,16.74642561,80.875,456.78,14274.375,0.207065541,0.036661906,124.1463498
Guinea Marsh,Zm,Light,10,8/18/2022,25.29032727,0.123056123,0.031669494,14,101,119,8.01,6.735,22.435,2.17,761.3,1.305,19,6.8772,2.474488438,0.713894967,13.5025,6.835701943,0.213615686,12.81694114,40.78125,130.6668,4083.3375,0.314285147,0.098088735,NA
Guinea Marsh,Zm,Light,24,9/19/2022,26.04957273,0.06956885,0.022851844,14,86,108,8.3,7.865,23.325,8.805,761.65,0.964,19,6.642,2.185774136,0.633377135,12.28638889,4.932456313,0.15413926,9.248355587,30.125,126.198,3943.6875,0.306999356,0.073284486,124.5938238
Guinea Marsh,Zm,Light,3,5/23/2022,23.83167273,0.128353519,0.017452806,17,96,126,NA,8.5,17.385,0.875,766.05,2.582,62,12.288,7.978260462,2.09199632,14.37166667,3.767100894,0.117721903,7.063314176,80.6875,159.744,4992,0.087539138,0.04421646,48.48812047
Guinea Marsh,Zm,Light,3,6/20/2022,22.90634545,0.14203601,0.057270577,15,75,129,8.005,8.08,18.975,0.945,767.1,2.483,30,16.11946667,4.670646053,0.942672741,14.72972222,12.36156777,0.386298993,23.17793957,77.59375,483.584,15112,0.298708847,0.047929501,175.8185702
Guinea Marsh,Zm,Light,3,7/5/2022,27.21181818,0.123378598,0.044037669,16,84,122,7.99,7.1,20.025,1.56,763.85,2.177,28,7.585,6.582769017,1.148206751,14.64472222,9.505310748,0.297040961,17.82245765,68.03125,212.38,6636.875,0.261974573,0.083917778,124.1463498
Guinea Marsh,Zm,Light,3,7/19/2022,28.19916364,0.205728624,0.060021193,1,84,100,8.035,7.14,21.025,2.42,758.6,1.174,24,19.89093333,2.904083122,1.696531792,14.40027778,12.95527448,0.404852327,24.29113964,36.6875,477.3824,14918.2,0.662109428,0.050884028,138.2744228
Guinea Marsh,Zm,Light,3,9/5/2022,27.8915,0.111883192,0.037319531,7,84,115,8.19,6.97,21.665,4.2,763.45,1.503,23,9.116266667,1.778440547,0.449152542,12.83333333,8.055234244,0.25172607,15.10356421,46.96875,182.3253333,5697.666667,0.321566237,0.082838539,201.5242263
Guinea Marsh,Zm,Light,4,8/5/2022,29.06025455,0.268114053,0.052017979,20,62,111,8.13,7.055,19.88,1.855,765.9,2.833,27,11.69826667,1.925520021,2.044011544,13.93777778,11.22782073,0.350869398,21.05216388,88.53125,315.8532,9870.4125,0.237793591,0.066651735,344.7169465
Guinea Marsh,Zm,Light,5,6/6/2022,24.0172,0.276465928,0.027113879,6,117,147,8.46,8.615,16.445,0.805,763.5,2.906,31,12.98173333,2.52611377,1.672036824,14.63,5.852395168,0.182887349,10.97324094,90.8125,402.4337333,12576.05417,0.120834036,0.0272672,187.9100355
Guinea Marsh,Zm,Light,5,8/18/2022,25.38663636,0.108874874,0.026383768,15,102,118,8.01,6.735,22.435,2.17,761.3,1.122,43,8.663066667,2.407664413,0.468503937,13.5025,5.694804413,0.177962638,10.67775827,35.0625,259.892,8121.625,0.304534995,0.041085367,NA
Guinea Marsh,Zm,Light,5,9/5/2022,27.81437273,0.106147021,0.04159526,1,81,105,8.19,6.97,21.665,4.2,763.45,1.948,32,8.4972,2.197602564,0.768745067,12.83333333,8.978128988,0.280566531,16.83399185,60.875,271.9104,8497.2,0.276533747,0.06191007,201.5242263
Guinea Marsh,Zm,Light,5,9/19/2022,26.06486207,0.132820404,0.031833367,8,74,94,8.3,7.865,23.325,8.805,761.65,1.133,25,8.125466667,1.598228388,0.365299898,12.28638889,6.871073082,0.214721034,12.88326203,35.40625,146.2584,4570.575,0.363869713,0.088085621,124.5938238
Guinea Marsh,Zm,Light,6,7/19/2022,28.44594545,0.221021433,0.040577391,18,73,102,8.035,7.14,21.025,2.42,758.6,2.014,23,13.96986667,3.232144398,1.017171717,14.40027778,8.758427055,0.273700845,16.42205073,62.9375,321.3069333,10040.84167,0.260926327,0.051110166,138.2744228
Guinea Marsh,Zm,Light,7,6/6/2022,24.15959091,0.226332114,0.022266826,15,117,147,8.46,8.615,16.445,0.805,763.5,1.699,35,12.75853333,2.55709729,0.835299902,14.63,4.806183034,0.15019322,9.01159319,53.09375,446.5486667,13954.64583,0.169729831,0.02018054,187.9100355
Guinea Marsh,Zm,Light,7,6/20/2022,22.81895455,0.205394692,0.058742223,8,91,125,8.005,8.08,18.975,0.945,767.1,3.748,26,25.486,6.226222794,1.18984127,14.72972222,12.67921509,0.396225472,23.7735283,117.125,662.636,20707.375,0.202975695,0.035877206,175.8185702
Guinea Marsh,Zm,Light,7,8/5/2022,28.79720909,0.22895543,0.034359247,10,84,103,8.13,7.055,19.88,1.855,765.9,2.666,43,1.64,0.324628139,1.290650407,13.93777778,7.416271709,0.231758491,13.90550945,83.3125,44.28,1383.75,0.16690784,0.314035896,344.7169465
Guinea Marsh,Zm,Light,7,9/5/2022,27.92976364,0.137006055,0.039191069,17,83,124,8.19,6.97,21.665,4.2,763.45,1.722,16,13.432,2.324610198,1.248730964,12.83333333,8.459196182,0.264349881,15.86099284,53.8125,214.912,6716,0.294745512,0.073802267,201.5242263
Guinea Marsh,Zm,Light,8,7/19/2022,28.39534545,0.243419653,0.066751133,9,74,103,8.035,7.14,21.025,2.42,758.6,4.117,43,15.79293333,2.341079466,1.114811806,14.40027778,14.40789836,0.450246824,27.01480943,128.65625,679.0961333,21221.75417,0.209976658,0.039780538,138.2744228
Guinea Marsh,Zm,Light,9,5/23/2022,23.92229126,0.084277044,0.02337377,3,96,118,NA,8.5,17.385,0.875,766.05,2.77,31,21.636,3.672421544,2.187993681,14.37166667,5.045111359,0.15765973,9.459583799,86.5625,670.716,20959.875,0.10928039,0.01410371,48.48812047
Guinea Marsh,Zm,Light,9,6/6/2022,23.90524545,0.224933963,0.022113642,1,117,147,8.46,8.615,16.445,0.805,763.5,2.395,43,7.417333333,2.173842768,0.611593463,14.63,4.773118995,0.149159969,8.949598116,74.84375,318.9453333,9967.041667,0.119577094,0.028059975,187.9100355
Guinea Marsh,Zm,Light,9,8/5/2022,29.02154545,0.282428415,0.052258513,2,59,94,8.13,7.055,19.88,1.855,765.9,2.053,24,15.11826667,3.8869709,1.856238698,13.93777778,11.27973875,0.352491836,21.14951016,64.15625,362.8384,11338.7,0.329656271,0.058289062,344.7169465
Guinea Marsh,Zm,Light,9,8/18/2022,25.29216364,0.122403718,0.037588373,3,106,121,8.01,6.735,22.435,2.17,761.3,1.729,28,6.220933333,1.604937358,1.054911531,13.5025,8.113262409,0.25353945,15.21236702,54.03125,174.1861333,5443.316667,0.281547568,0.087333973,NA
Hungars Shoal,Rm,Dark,11,6/24/2022,26.68077273,0.363426826,-0.001644867,15,64,79,8.335,11.915,21.625,3.65,763.05,0.333,65,1.055333333,0.295057057,1.152249135,14.72666667,-0.35503628,-0.011094884,-0.665693025,10.40625,68.59666667,2143.645833,-0.063970501,-0.009704452,264.346646
Hungars Shoal,Rm,Dark,16,6/24/2022,26.54244545,0.448947016,-0.005943709,4,56,65,8.335,11.915,21.625,3.65,763.05,0.617,75,1.0216,0.11827619,0.883954155,14.72666667,-1.282919854,-0.040091245,-2.405474726,19.28125,76.62,2394.375,-0.124757198,-0.031394867,264.346646
Hungars Shoal,Rm,Dark,20,6/24/2022,26.28395455,0.206674294,-0.001369185,2,78,97,8.335,11.915,21.625,3.65,763.05,0.663,21,1.137466667,0.23086603,0.484460695,14.72666667,-0.29553173,-0.009235367,-0.554121993,20.71875,17.062,533.1875,-0.026744953,-0.032476966,264.346646
Hungars Shoal,Rm,Light,1,6/24/2022,26.92450909,0.264859552,0.013776579,18,78,97,8.335,11.915,21.625,3.65,763.05,1.422,87,1.335466667,0.345154596,1.783645656,14.72666667,2.973605789,0.092925181,5.575510854,44.4375,116.1856,3630.8,0.125468599,0.047987968,264.346646
Hungars Shoal,Rm,Light,6,6/24/2022,27.28092727,0.428697124,0.00665554,10,64,79,8.335,11.915,21.625,3.65,763.05,0.391,14,0.999333333,0.281319002,0.650627615,14.72666667,1.436565053,0.044892658,2.693559474,12.21875,13.99066667,437.2083333,0.220444765,0.192525456,264.346646
Hungars Shoal,Rm,Light,7,6/24/2022,26.95494545,0.478735027,0.005017723,12,56,65,8.335,11.915,21.625,3.65,763.05,0.642,71,1.327066667,0.15305063,0.913229018,14.72666667,1.083050452,0.033845327,2.030719597,20.0625,94.22173333,2944.429167,0.101219668,0.02155256,264.346646
Hungars Shoal,Sediment,Dark,14,6/24/2022,26.63139091,0.293478477,-0.001666246,6,72,101,8.335,11.915,21.625,3.65,763.05,0,0,0,NA,NA,14.72666667,-0.35965086,-0.011239089,-0.674345362,NA,NA,NA,-0.674345362,-0.674345362,264.346646
Hungars Shoal,Sediment,Dark,15,6/24/2022,26.02287273,0.296521457,-0.001119274,1,78,108,8.335,11.915,21.625,3.65,763.05,0,0,0,NA,NA,14.72666667,-0.241589653,-0.007549677,-0.4529806,NA,NA,NA,-0.4529806,-0.4529806,264.346646
Hungars Shoal,Sediment,Dark,19,6/24/2022,26.62825455,0.468297393,-0.004300473,9,56,65,8.335,11.915,21.625,3.65,763.05,0,0,0,NA,NA,14.72666667,-0.928235693,-0.029007365,-1.740441925,NA,NA,NA,-1.740441925,-1.740441925,264.346646
Hungars Shoal,Sediment,Light,21,6/24/2022,27.26001818,0.270742675,0.00483396,8,72,101,8.335,11.915,21.625,3.65,763.05,0,0,0,NA,NA,14.72666667,1.043385995,0.032605812,1.95634874,NA,NA,NA,1.95634874,1.95634874,264.346646
Hungars Shoal,Sediment,Light,3,6/24/2022,26.47381818,0.343264607,0.003301642,14,78,108,8.335,11.915,21.625,3.65,763.05,0,0,0,NA,NA,14.72666667,0.712642988,0.022270093,1.336205603,NA,NA,NA,1.336205603,1.336205603,264.346646
Hungars Shoal,Sediment,Light,5,6/24/2022,27.07451818,0.501397711,-0.000663058,17,56,65,8.335,11.915,21.625,3.65,763.05,0,0,0,NA,NA,14.72666667,-0.143117651,-0.004472427,-0.268345595,NA,NA,NA,-0.268345595,-0.268345595,264.346646
Hungars Shoal,Zm,Dark,13,6/24/2022,26.53553636,0.446037491,-0.002448926,5,56,65,8.335,11.915,21.625,3.65,763.05,0.347,17,8.456666667,1.245583894,0.366906475,14.72666667,-0.528588477,-0.01651839,-0.991103394,10.84375,84.56666667,2642.708333,-0.091398584,-0.011719788,264.346646
Hungars Shoal,Zm,Dark,17,6/24/2022,26.38108182,0.290740754,-0.019982241,11,78,97,8.335,11.915,21.625,3.65,763.05,3.451,18,27.10853333,9.659037795,0.554466581,14.72666667,-4.313066894,-0.13478334,-8.087000426,107.84375,487.9536,15248.55,-0.074988123,-0.016573298,264.346646
Hungars Shoal,Zm,Dark,18,6/24/2022,26.58695455,0.304843271,-0.004022081,19,64,79,8.335,11.915,21.625,3.65,763.05,3.227,75,17.48213333,2.589666881,1.941025641,14.72666667,-0.868146071,-0.027129565,-1.627773884,100.84375,384.6069333,12018.96667,-0.016141545,-0.004232305,264.346646
Hungars Shoal,Zm,Light,10,6/24/2022,27.03042727,0.305706235,0.031376611,3,78,97,8.335,11.915,21.625,3.65,763.05,1.224,25,19.8412,13.76102134,0.378361669,14.72666667,6.772484569,0.211640143,12.69840857,38.25,496.03,15500.9375,0.331984538,0.025600082,264.346646
Hungars Shoal,Zm,Light,4,6/24/2022,27.18830909,0.508354834,0.009155123,13,56,65,8.335,11.915,21.625,3.65,763.05,0.75,27,10.40813333,4.03096291,2.16025641,14.72666667,1.976087541,0.061752736,3.70516414,23.4375,41.63253333,1301.016667,0.158087003,0.088996846,264.346646
Hungars Shoal,Zm,Light,8,6/24/2022,27.27604545,0.444727221,0.02993802,16,64,79,8.335,11.915,21.625,3.65,763.05,2.996,54,24.19013333,4.408026864,0.617292871,14.72666667,6.461971878,0.201936621,12.11619727,93.625,507.9928,15874.775,0.129411987,0.02385112,264.346646
Pepper Creek,Rm,Dark,14,6/10/2022,25.12389091,0.216258482,-0.002442022,10,87,117,8.03,7.285,18.89,4.595,759.8,0.247,39,1.242133333,0.170261088,0.709770115,14.67611111,-0.527098307,-0.016471822,-0.988309325,7.71875,48.4432,1513.85,-0.128040075,-0.020401405,210.4414608
Pepper Creek,Rm,Dark,16,6/10/2022,25.03126364,0.181496464,-0.001095053,6,82,115,8.03,7.285,18.89,4.595,759.8,0.538,27,1.350266667,0.141077216,0.392344498,14.67611111,-0.236361704,-0.007386303,-0.443178195,16.8125,36.4572,1139.2875,-0.026360041,-0.012156123,210.4414608
Pepper Creek,Rm,Dark,17,6/10/2022,25.11700909,0.059227364,-0.002430445,2,97,118,8.03,7.285,18.89,4.595,759.8,0.231,69,0.9836,0.285826321,0.868421053,14.67611111,-0.524599504,-0.016393735,-0.983624071,7.21875,67.8684,2120.8875,-0.136259612,-0.014493108,210.4414608
Pepper Creek,Rm,Light,1,6/10/2022,25.53260909,0.061933983,0.005153884,19,97,118,8.03,7.285,18.89,4.595,759.8,0.545,14,0.887733333,0.267395765,0.558282209,14.67611111,1.11243999,0.03476375,2.085824982,17.03125,12.42826667,388.3833333,0.122470458,0.167829114,210.4414608
Pepper Creek,Rm,Light,6,6/10/2022,25.5853,0.178575174,0.016212875,8,82,115,8.03,7.285,18.89,4.595,759.8,0.991,152,1.3084,0.486545373,1.119774011,14.67611111,3.499467909,0.109358372,6.561502329,30.96875,198.8768,6214.9,0.211874949,0.032992799,210.4414608
Pepper Creek,Rm,Light,9,6/10/2022,25.63795455,0.254891104,0.014935153,16,87,117,8.03,7.285,18.89,4.595,759.8,0.16,31,1.344533333,0.369545255,0.77294686,14.67611111,3.223678162,0.100739943,6.044396553,5,41.68053333,1302.516667,1.208879311,0.145017256,210.4414608
Pepper Creek,Sediment,Dark,11,6/10/2022,25.15043636,0.06811627,-0.003488242,5,97,118,8.03,7.285,18.89,4.595,759.8,0,0,0,NA,NA,14.67611111,-0.752919516,-0.023528735,-1.411724093,NA,NA,NA,-1.411724093,-1.411724093,210.4414608
Pepper Creek,Sediment,Dark,13,6/10/2022,25.15895455,0.213591713,-0.00202357,9,87,117,8.03,7.285,18.89,4.595,759.8,0,0,0,NA,NA,14.67611111,-0.436777466,-0.013649296,-0.818957749,NA,NA,NA,-0.818957749,-0.818957749,210.4414608
Pepper Creek,Sediment,Dark,20,6/10/2022,25.00431818,0.15570131,-0.001301269,4,82,115,8.03,7.285,18.89,4.595,759.8,0,0,0,NA,NA,14.67611111,-0.280872479,-0.008777265,-0.526635898,NA,NA,NA,-0.526635898,-0.526635898,210.4414608
Pepper Creek,Sediment,Light,21,6/10/2022,25.7582,0.199131131,0.013820488,18,87,117,8.03,7.285,18.89,4.595,759.8,0,0,0,NA,NA,14.67611111,2.983083237,0.093221351,5.59328107,NA,NA,NA,5.59328107,5.59328107,210.4414608
Pepper Creek,Sediment,Light,3,6/10/2022,25.65581818,0.109197757,0.002447286,17,97,118,8.03,7.285,18.89,4.595,759.8,0,0,0,NA,NA,14.67611111,0.528234466,0.016507327,0.990439624,NA,NA,NA,0.990439624,0.990439624,210.4414608
Pepper Creek,Sediment,Light,7,6/10/2022,25.57344545,0.102901715,0.01074623,13,82,115,8.03,7.285,18.89,4.595,759.8,0,0,0,NA,NA,14.67611111,2.319520074,0.072485002,4.349100139,NA,NA,NA,4.349100139,4.349100139,210.4414608
Pepper Creek,Zm,Dark,12,6/10/2022,25.14127273,0.209852063,-0.002470868,20,87,117,8.03,7.285,18.89,4.595,759.8,1.713,23,9.549333333,3.293706871,0.895920502,14.67611111,-0.533324409,-0.016666388,-0.999983266,53.53125,219.6346667,6863.583333,-0.018680365,-0.004552939,210.4414608
Pepper Creek,Zm,Dark,18,6/10/2022,25.00511818,0.146106392,-0.014639042,14,82,115,8.03,7.285,18.89,4.595,759.8,2.753,43,11.80341176,3.838629297,0.790637565,14.67611111,-3.159764021,-0.098742626,-5.92455754,86.03125,507.5467059,15860.83456,-0.06886518,-0.011672931,210.4414608
Pepper Creek,Zm,Dark,19,6/10/2022,25.07813636,0.109438976,-0.033544798,15,97,118,8.03,7.285,18.89,4.595,759.8,0,0,0,NA,NA,14.67611111,-7.240477001,-0.226264906,-13.57589438,NA,NA,NA,-13.57589438,-13.57589438,210.4414608
Pepper Creek,Zm,Light,10,6/10/2022,25.54987273,0.100829687,0.026420951,12,97,118,8.03,7.285,18.89,4.595,759.8,1.854,26,15.18293333,4.143437901,1.305633803,14.67611111,5.70283027,0.178213446,10.69280676,57.9375,394.7562667,12336.13333,0.184557614,0.027087111,210.4414608
Pepper Creek,Zm,Light,4,6/10/2022,25.39665455,0.166474366,0.034303306,3,82,115,8.03,7.285,18.89,4.595,759.8,2.954,29,13.43706667,3.558945018,1.040507221,14.67611111,7.404197065,0.231381158,13.8828695,92.3125,389.6749333,12177.34167,0.15038992,0.035626796,210.4414608
Pepper Creek,Zm,Light,5,6/10/2022,25.67971818,0.205579339,0.036191158,1,87,117,8.03,7.285,18.89,4.595,759.8,2.801,31,15.0784,2.490412381,0.909710945,14.67611111,7.81168053,0.244115017,14.64690099,87.53125,467.4304,14607.2,0.167333392,0.031334935,210.4414608
Poquoson,Rm,Dark,14,6/21/2022,25.27008182,0.055603302,-0.005588982,19,92,129,8.38,11.235,19.36,1.24,765.7,0.41,61,0.9144,0.150192638,0.571030641,14.73027778,-1.206353884,-0.037698559,-2.261913532,12.8125,55.7784,1743.075,-0.176539593,-0.040551782,104.5223183
Poquoson,Rm,Dark,17,6/21/2022,25.31649091,0.110990598,-0.005069775,3,81,111,8.38,11.235,19.36,1.24,765.7,0.552,69,1.264133333,0.227891536,0.823880597,14.73027778,-1.094285495,-0.034196422,-2.051785303,17.25,87.2252,2725.7875,-0.118944076,-0.02352285,104.5223183
Poquoson,Rm,Dark,20,6/21/2022,25.2034,0.14994361,0,15,83,118,8.38,11.235,19.36,1.24,765.7,0.471,88,1.1952,0.310002581,0.574390244,14.73027778,0,0,0,14.71875,105.1776,3286.8,0,0,104.5223183
Poquoson,Rm,Light,1,6/21/2022,25.56809091,0.07614105,0.007874798,5,92,129,8.38,11.235,19.36,1.24,765.7,0.316,56,1.187466667,0.304980999,0.734883721,14.73027778,1.699735775,0.053116743,3.187004578,9.875,66.49813333,2078.066667,0.322734641,0.047926226,104.5223183
Poquoson,Rm,Light,10,6/21/2022,25.63732727,0.125866473,0.010766114,8,81,111,8.38,11.235,19.36,1.24,765.7,0.855,72,1.177333333,0.144917053,0.954241071,14.73027778,2.32381191,0.072619122,4.357147332,26.71875,84.768,2649,0.16307452,0.051400851,104.5223183
Poquoson,Rm,Light,4,6/21/2022,25.59096364,0.09781746,0.013112904,18,83,118,8.38,11.235,19.36,1.24,765.7,0.5506,85,0.998666667,0.244732702,0.524380952,14.73027778,2.830354786,0.088448587,5.306915223,17.20625,84.88666667,2652.708333,0.308429508,0.062517654,104.5223183
Poquoson,Sediment,Dark,11,6/21/2022,25.26903636,0.050265703,-0.00087049,2,92,129,8.38,11.235,19.36,1.24,765.7,0,0,0,NA,NA,14.73027778,-0.187890884,-0.00587159,-0.352295407,NA,NA,NA,-0.352295407,-0.352295407,104.5223183
Poquoson,Sediment,Dark,13,6/21/2022,25.31929091,0.087331,-0.004666058,11,81,111,8.38,11.235,19.36,1.24,765.7,0,0,0,NA,NA,14.73027778,-1.007145279,-0.03147329,-1.888397398,NA,NA,NA,-1.888397398,-1.888397398,104.5223183
Poquoson,Sediment,Dark,19,6/21/2022,25.20815455,0.170931189,-0.002172875,20,83,118,8.38,11.235,19.36,1.24,765.7,0,0,0,NA,NA,14.73027778,-0.469004278,-0.014656384,-0.879383022,NA,NA,NA,-0.879383022,-0.879383022,104.5223183
Poquoson,Sediment,Light,6,6/21/2022,25.70202727,0.146607412,0.004711872,10,81,111,8.38,11.235,19.36,1.24,765.7,0,0,0,NA,NA,14.73027778,1.017033906,0.03178231,1.906938574,NA,NA,NA,1.906938574,1.906938574,104.5223183
Poquoson,Sediment,Light,7,6/21/2022,25.52896364,0.148071389,0.00380757,13,83,118,8.38,11.235,19.36,1.24,765.7,0,0,0,NA,NA,14.73027778,0.821844911,0.025682653,1.540959208,NA,NA,NA,1.540959208,1.540959208,104.5223183
Poquoson,Sediment,Light,9,6/21/2022,25.50269091,0.1159825,0.003025715,12,92,129,8.38,11.235,19.36,1.24,765.7,0,0,0,NA,NA,14.73027778,0.653085373,0.020408918,1.224535074,NA,NA,NA,1.224535074,1.224535074,104.5223183
Poquoson,Zm,Dark,12,6/21/2022,25.31554545,0.098990838,-0.010953626,4,92,129,8.38,11.235,19.36,1.24,765.7,2.818,34,9.9455,5.044496909,1.387857501,14.73027778,-2.364285491,-0.073883922,-4.433035296,88.0625,278.474,8702.3125,-0.050339649,-0.015919028,104.5223183
Poquoson,Zm,Dark,15,6/21/2022,25.2768,0.04904759,-0.005953644,17,81,111,8.38,11.235,19.36,1.24,765.7,1.543,48,9.767866667,4.191513635,0.455850682,14.73027778,-1.285064395,-0.040158262,-2.409495741,48.21875,214.8930667,6715.408333,-0.0499701,-0.011212534,104.5223183
Poquoson,Zm,Dark,16,6/21/2022,25.18738182,0.148794852,-0.005451521,16,83,118,8.38,11.235,19.36,1.24,765.7,3.956,55,11.7272,5.494048302,0.682905382,14.73027778,-1.176683635,-0.036771364,-2.206281816,123.625,562.9056,17590.8,-0.017846567,-0.003919453,104.5223183
Poquoson,Zm,Light,21,6/21/2022,25.64008182,0.128613219,0.011738544,6,92,129,8.38,11.235,19.36,1.24,765.7,1.687,21,9.7828,2.971766843,0.821324245,14.73027778,2.533705999,0.079178312,4.750698748,52.71875,205.4388,6419.9625,0.090114025,0.023124642,104.5223183
Poquoson,Zm,Light,3,6/21/2022,25.63470909,0.155128733,0.012441206,14,81,111,8.38,11.235,19.36,1.24,765.7,1.8,46,11.2552,3.806597716,0.608123355,14.73027778,2.685372022,0.083917876,5.03507254,56.25,258.8696,8089.675,0.089512401,0.019450227,104.5223183
Poquoson,Zm,Light,5,6/21/2022,25.57222727,0.154358433,0.027960292,1,83,118,8.38,11.235,19.36,1.24,765.7,3.364,0,17.86946667,4.777500689,0.88844086,14.73027778,6.035089156,0.188596536,11.31579217,105.125,NA,NA,0.107641305,11.31579217,104.5223183
