Date,Site,Species,NPP,R,ER,NEP,GPP,NPP_sd,R_sd,NEP_sd,ER_sd,GPP_sd,Photoperiod_hours,GPP_day,R_day,ER_day,NEP_day,P.R_E
5/23/2022,Guinea Marsh,Zm,7.835997949,-3.724476924,-4.024392615,9.358163952,11.56047487,2.31125582,3.608730818,2.245858002,3.608637322,4.285421984,14.37166667,124.6074685,-89.38744617,-96.58542277,28.02204577,1.290127071
5/23/2022,Guinea Marsh,Rm,2.83051988,-0.340215833,-0.640131525,4.352685883,3.170735713,3.169593511,0.128071313,3.122226405,0.125409214,3.172179895,14.37166667,34.17656757,-8.165179988,-15.36315659,18.81341098,2.224579784
6/6/2022,Guinea Marsh,Zm,7.798191278,-2.429047083,-2.537237854,10.30570675,10.22723836,1.849609015,1.625496145,1.62177003,1.622645984,2.462375119,14.63,112.2183729,-58.29713,-60.89370849,51.32466443,1.842856605
6/6/2022,Guinea Marsh,Rm,2.380429007,-0.547376835,-0.655567605,4.887944474,2.927805841,1.680550519,0.414805392,1.42595041,0.40349199,1.730986297,14.63,32.12534959,-13.13704403,-15.73362252,16.39172707,2.04182791
6/8/2022,Browns Bay South,Zm,5.801888179,-1.278671688,-1.668871601,9.146650459,7.080559868,5.633931525,2.085317146,5.592352071,2.06970117,6.007473015,14.65472222,77.82272853,-30.68812052,-40.05291841,37.76981012,1.942997704
6/8/2022,Browns Bay South,Rm,7.568117174,-0.559983388,-0.9501833,10.91287945,8.128100562,4.049568263,0.274733382,3.991518554,0.10292603,4.058876883,14.65472222,89.33629195,-13.43960132,-22.80439921,66.53189274,3.917502545
6/10/2022,Pepper Creek,Zm,9.429918804,-5.914372481,-6.833478394,13.07419242,15.34429128,3.173059556,6.353058745,2.097423247,6.337033052,7.101384539,14.67611111,168.8958929,-141.9449395,-164.0034815,4.892411402,1.029831144
6/10/2022,Pepper Creek,Rm,1.252967677,0.114068717,-0.805037197,4.897241288,1.138898961,3.415262582,0.549162508,2.448447637,0.313387844,3.459132545,14.67611111,12.53595577,2.737649197,-19.32089273,-6.784936961,0.648829013
6/20/2022,Guinea Marsh,Zm,19.62238535,-2.904386165,-3.283275992,20.59857325,22.52677152,5.038158348,0.646508899,4.992278267,0.60266963,5.079469785,14.72972222,248.8598153,-69.70526796,-78.79862381,170.0611914,3.158174638
6/20/2022,Guinea Marsh,Rm,4.160131039,-0.12953036,-0.508420187,5.136318936,4.289661399,1.646562391,0.256924932,1.500323452,0.106053509,1.666486762,14.72972222,47.38914063,-3.108728641,-12.2020845,35.18705613,3.883692219
6/21/2022,Poquoson,Zm,5.476376867,-1.976245676,-3.016270951,7.033854485,7.452622542,3.726671856,1.45773683,3.71099176,1.231153882,4.001634639,14.73027778,82.33440017,-47.42989622,-72.39050283,9.943897337,1.137364667
6/21/2022,Poquoson,Rm,2.726211426,-0.397874336,-1.437899612,4.283689044,3.124085762,1.11542622,1.473418379,1.061862691,1.249681935,1.84800903,14.73027778,34.5139883,-9.548984065,-34.50959068,0.004397627,1.000127432
6/24/2022,Hungars Shoal,Zm,8.49852041,-2.612703272,-3.568625901,9.506589993,11.11122368,5.161900822,3.985846469,5.032608563,3.925954481,6.521670965,14.72666667,122.7234656,-62.70487853,-85.64702163,37.07644394,1.432898229
6/24/2022,Hungars Shoal,Rm,2.425193726,-0.252507286,-1.208429915,3.433263308,2.677701011,2.206768847,1.24565353,1.884610725,1.0381711,2.534064218,14.72666667,29.57520767,-6.060174855,-29.00231795,0.572889716,1.019753239
7/5/2022,Guinea Marsh,Zm,16.9781634,-5.574693839,-6.117014465,18.04778922,22.55285724,1.476711694,2.524520886,1.427431203,2.512881956,2.924702229,14.64472222,247.7102471,-133.7926521,-146.8083472,100.9019,1.687303562
7/5/2022,Guinea Marsh,Rm,6.103449349,-0.712526665,-1.254847291,7.173075167,6.815976014,1.674436339,0.62264134,1.631140541,0.573630768,1.786454391,14.64472222,74.86355655,-17.10063997,-30.11633499,44.74722156,2.48581232
7/6/2022,Back River,Zm,12.13429301,-7.537737364,-9.242563686,13.65187786,19.67203037,7.065842758,2.567857102,6.966438051,1.540967044,7.517980046,14.63222222,215.88414,-180.9056967,-221.8215285,-5.93738849,0.973233489
7/6/2022,Back River,Rm,8.697360008,-0.227186096,-1.932012418,10.21494486,8.924546104,2.281875764,2.664529433,1.95245544,1.697176017,3.508086958,14.63222222,97.93945637,-5.452466301,-46.36829803,51.57115833,2.112207274
7/19/2022,Guinea Marsh,Zm,19.6550145,-5.429580915,-6.736026873,22.57599993,25.08459542,6.182690078,2.937193323,5.500719262,2.722317386,6.844907685,14.40027778,270.9188565,-130.309942,-161.6646449,109.2542115,1.675807698
7/19/2022,Guinea Marsh,Rm,3.933387337,-0.559786481,-1.866232439,6.854372769,4.493173818,3.498793331,1.223162726,2.067319659,0.529182753,3.706437889,14.40027778,48.52721331,-13.43487555,-44.78957853,3.737634784,1.08344876
8/5/2022,Guinea Marsh,Zm,13.07020356,-3.872467202,-5.626560829,18.7023945,16.94267076,4.387727102,1.316258958,4.154509436,0.997869413,4.58090458,13.93777778,177.107385,-92.93921285,-135.0374599,42.06992511,1.311542628
8/5/2022,Guinea Marsh,Rm,6.549050889,-0.053688226,-1.807781853,12.18124183,6.602739116,5.680184223,1.796065134,5.502026203,1.577674138,5.957377173,13.93777778,69.02063289,-1.288517436,-43.38676447,25.63386842,1.59082231
8/18/2022,Guinea Marsh,Zm,7.366902181,-4.273808553,-6.127648689,12.90235548,11.64071073,2.672912101,3.690177294,2.268510705,3.586877118,4.556519237,13.5025,117.8840225,-102.5714053,-147.0635685,-29.17954602,0.801585489
8/18/2022,Guinea Marsh,Rm,4.304060521,0.146694785,-1.707145351,9.839513818,4.157365736,4.783830557,0.948525917,4.57019874,0.384682227,4.876959731,13.5025,42.10112314,3.520674837,-40.97148842,1.129634717,1.027571239
9/5/2022,Guinea Marsh,Zm,12.7661836,-2.623301325,-2.623301325,15.93284963,15.38948492,2.111053545,0.918412351,0.86744885,0.918412351,2.302179037,12.83333333,148.1237924,-62.95923179,-62.95923179,85.1645606,2.35269377
9/5/2022,Guinea Marsh,Rm,8.018317705,-1.660768851,-1.660768851,11.18498374,9.679086556,2.769342986,2.250132558,1.991276227,2.250132558,3.568242859,12.83333333,93.1612081,-39.85845241,-39.85845241,53.30275568,2.337301186
9/19/2022,Guinea Marsh,Zm,10.06575262,-2.178581917,-2.603453748,12.17235272,12.24433453,2.666357959,2.175825756,2.641297885,2.125901702,3.441465165,12.28638889,112.8289918,-52.28596601,-62.48288995,50.34610187,1.805758215
9/19/2022,Guinea Marsh,Rm,5.440308958,-0.603606542,-1.028478372,7.546909066,6.0439155,2.705987115,0.821344141,2.681297451,0.678119846,2.827891877,12.28638889,55.69342218,-14.486557,-24.68348093,31.00994125,2.256303409
